date,temp_c,rain,humidity_pct,wind_kmh,holiday,promotion,rentals
2021-01-01,7.215414512734101,0,68.1850608687241,1.0,1,0,940
2021-01-02,4.501550635270193,0,68.11454395571756,5.886971176766224,0,0,1241
2021-01-03,-0.5913996466468774,0,66.64704570392803,1.481787267901564,0,0,1108
2021-01-04,1.225913370269597,0,60.34205401710278,10.465665000584773,0,1,1273
2021-01-05,6.980613144200756,0,65.73176387466717,3.457931017384075,0,0,1342
2021-01-06,6.020232277806622,0,60.74916766940167,1.749528736456413,0,0,1151
2021-01-07,1.9077267379639382,0,64.83575841084765,8.665586857089458,0,0,984
2021-01-08,4.271328859665695,0,59.91466415004079,11.534128695565595,0,0,1175
2021-01-09,3.5541144093180073,0,65.80379399025931,10.4615783434243,0,0,965
2021-01-10,-0.4511617794640035,0,72.80373032725761,20.70947050788297,0,0,677
2021-01-11,1.4733912970272849,0,67.77984833597212,15.444665325048451,0,0,1259
2021-01-12,0.10655783060403445,0,70.16023025828954,18.69499559967444,0,0,987
2021-01-13,1.6863353558054524,0,67.07365732366122,2.489738095101662,0,0,1020
2021-01-14,3.279984752568019,1,89.83522125535542,18.940363861512367,0,0,518
2021-01-15,1.269369221995684,0,60.996179262778924,10.430398151490364,0,0,1077
2021-01-16,-0.28795613916205465,0,63.9852825059056,5.941385382934296,0,0,854
2021-01-17,-1.3189282792328116,0,74.29617940626002,11.858796791612733,0,0,581
2021-01-18,2.86637808537099,0,66.6532552444852,4.203371164724274,0,0,1115
2021-01-19,3.64791847159732,0,71.34979900656936,13.619768645325623,0,0,1272
2021-01-20,7.669263461979524,1,77.16098912071536,13.493401965005905,0,0,465
2021-01-21,15.225988492424754,0,56.3917192147901,4.970238390865351,0,0,1746
2021-01-22,14.547761278716138,0,68.85806427564046,9.718720201549523,0,0,1436
2021-01-23,11.363746247245183,0,69.43924445797211,15.161260590845954,0,0,1374
2021-01-24,8.298105275223696,1,81.9698428183558,14.35242669917578,0,0,361
2021-01-25,7.773568355353471,0,54.45545738560597,15.901599982695558,0,0,1349
2021-01-26,0.9713227961822568,0,71.49192853682828,26.863413945917525,0,0,1035
2021-01-27,0.9301398737986681,1,88.22682091665075,3.543907385423527,0,0,666
2021-01-28,-0.9203263566493174,0,71.99612946473236,14.071405659564345,0,0,1134
2021-01-29,4.17829854616414,1,85.06675395951746,8.436411200541698,0,0,549
2021-01-30,7.361223136916074,1,95.0137220995767,11.94838124528092,0,0,949
2021-01-31,4.00490463910317,0,54.187671885739114,8.117830176094719,0,0,1243
2021-02-01,4.019520033302133,0,61.07796643343981,8.986324368487844,0,0,1406
2021-02-02,4.564718732718381,0,64.67155259315255,1.873032059475706,0,0,1472
2021-02-03,4.972389165516354,0,67.54600898655852,9.001994607883235,0,0,1431
2021-02-04,8.599603827702023,0,60.387547095007164,8.560809193875759,0,0,1330
2021-02-05,9.58492370776516,0,67.50669364246473,12.207126517881878,0,0,1334
2021-02-06,3.0038912812694094,0,61.987552919511266,12.671826016829154,0,0,984
2021-02-07,-0.7475076811736336,1,85.31224598424075,10.839874150424428,0,0,207
2021-02-08,2.0380079774166506,0,62.29370562733202,7.295119587674803,0,0,902
2021-02-09,-1.880295443160307,1,80.68259502470266,7.324795248844914,0,0,469
2021-02-10,4.70063496709275,1,77.08996794037282,7.0370621026848434,0,0,433
2021-02-11,2.2067280175718293,0,62.0991391923549,13.707681498963108,0,0,977
2021-02-12,5.646091336488534,0,61.02866283280194,10.38137464816808,0,0,1348
2021-02-13,5.188468478699544,0,58.75236357166852,5.086871772615256,0,0,1038
2021-02-14,10.839415273019764,1,91.81495196937078,15.818881921052835,0,0,574
2021-02-15,5.584913006519291,0,66.37827277734118,4.631671022736673,0,0,1184
2021-02-16,-1.1439696173080183,0,64.10176629928029,14.751200449723436,0,0,722
2021-02-17,-0.6394095255243402,0,72.92010982567396,9.446836660159953,0,0,881
2021-02-18,3.6882145671210473,0,69.48063774811494,15.533746345529163,0,1,1121
2021-02-19,3.7894446292674693,0,73.4836379311052,12.18205136728552,0,0,1016
2021-02-20,0.6613280554269556,1,88.90848985833156,21.23512011925347,0,0,80
2021-02-21,5.319788912479611,1,79.34845725953139,14.522494933673386,0,1,794
2021-02-22,7.256757524565066,0,67.28162686123665,9.92625729852049,0,0,1178
2021-02-23,7.212286955944401,0,64.58546621131028,6.326448094929418,0,0,1084
2021-02-24,4.67456835400324,0,59.568951656224215,4.443206986732452,0,1,1458
2021-02-25,11.20139059338683,0,61.25494565163274,8.573054717365398,0,0,1491
2021-02-26,8.637523141408732,0,60.95417201145404,1.0,0,0,1131
2021-02-27,9.078766073662235,0,58.197692630113856,10.25655838372556,0,0,1015
2021-02-28,12.089886824550534,0,55.82665601498528,3.3820247194224025,0,0,1361
2021-03-01,13.194987835637704,0,74.6150118446667,2.188485530113619,0,1,1860
2021-03-02,16.098237403975318,1,72.63095446186428,7.1884821001018855,0,0,1177
2021-03-03,10.026612140442726,0,75.85763517206385,5.733137290497959,0,0,1069
2021-03-04,14.717746216294534,0,56.77227803533525,7.3651635657287535,0,0,1320
2021-03-05,11.984711638369342,0,67.1907793014513,1.9729850956798165,0,1,1604
2021-03-06,10.330224242971953,0,63.293941117722106,6.102447342484394,0,0,1455
2021-03-07,10.146905775854016,1,76.59075840960313,17.10920488714857,0,1,639
2021-03-08,12.308847869600942,0,60.1023368876915,10.950813792671815,0,0,1680
2021-03-09,13.047546410343369,1,83.40462106024452,4.264803289625792,0,0,954
2021-03-10,15.331367683161204,1,66.5343675834085,13.75660398734454,0,1,1450
2021-03-11,14.728726397603396,0,60.16344056742729,12.886444822949839,0,0,1536
2021-03-12,16.119894470089125,0,56.4784423728686,3.339810358346512,0,0,1502
2021-03-13,17.171785472105086,0,50.33601784819813,5.532407776908062,0,1,2044
2021-03-14,14.621972245252287,1,78.90755604635682,6.040536614065164,0,1,816
2021-03-15,18.951629602997244,0,65.11194818926928,7.187610560760816,0,1,2160
2021-03-16,17.279174803189072,1,88.75622345903113,10.693447990300234,0,0,909
2021-03-17,19.377106032500095,1,65.53120237223581,25.067787256422577,0,0,1135
2021-03-18,18.44195672981136,1,69.6136110981363,10.249079827365856,0,0,1252
2021-03-19,12.598114897236194,1,79.95939038862899,10.223824869586728,0,0,857
2021-03-20,13.832553039085612,0,55.96638541831501,20.430129493349664,0,0,1531
2021-03-21,15.77606005902064,0,59.78569675507127,1.7950420164539187,0,0,1756
2021-03-22,20.377678658080267,0,47.85086879967563,1.853006983573556,0,1,2608
2021-03-23,17.077019991698258,0,65.75146066612126,3.5766860725710385,0,0,1746
2021-03-24,21.840393566686075,0,53.92223292758835,30.35492920090875,0,0,1850
2021-03-25,19.01849861707486,0,51.770136052750175,14.740141667005696,0,0,1679
2021-03-26,16.316454977302808,0,62.52331207020226,12.187128300605611,0,0,1596
2021-03-27,17.380768064948775,0,49.41261296213682,14.06792567572538,0,0,1415
2021-03-28,18.091318105766316,0,55.9660832651966,14.082057718072871,0,0,1598
2021-03-29,16.718561513197056,0,59.11818375737858,22.516778163755554,0,0,1666
2021-03-30,14.752994621287533,1,76.73699067375831,7.135863228361939,0,0,677
2021-03-31,10.142474347758647,0,72.42067746448417,4.446030813278504,0,0,1477
2021-04-01,13.29314680922986,0,55.58693365899931,17.866854200547102,0,0,1270
2021-04-02,13.4681085624743,0,65.74919188546725,1.6728281752838954,0,0,1513
2021-04-03,15.711587552829526,0,59.15677866135655,7.66574756303952,0,0,1635
2021-04-04,18.562304537887,0,66.628317026389,11.968202494062396,0,1,1705
2021-04-05,18.10365212435308,0,61.92629530190159,11.130820287636661,0,0,1667
2021-04-06,17.17771762094526,0,59.29801053185434,4.043572206662157,0,0,1819
2021-04-07,14.660562744823427,0,56.536413432904034,6.295278693571881,0,0,1975
2021-04-08,19.013060222821256,0,62.91912526113778,18.681574321938815,0,0,1734
2021-04-09,22.415139611638864,0,48.59893513493515,3.6567847520430483,0,0,1717
2021-04-10,19.361306461902874,0,60.31394473371845,6.886655437184326,0,0,1726
2021-04-11,22.36102854043156,0,44.93249642981681,5.0785568907991285,0,0,1930
2021-04-12,21.97270453202252,0,62.71912343146241,8.28859437750611,0,0,1953
2021-04-13,21.5566542772722,0,67.35794025606545,14.6220570913586,0,0,1720
2021-04-14,18.31139903492045,0,63.497596519954904,11.695171231351633,0,0,1692
2021-04-15,20.815797143763973,0,58.15765900807325,5.197677626375448,0,0,2018
2021-04-16,18.303726215143953,0,64.32038411598076,5.501336979278154,0,0,1691
2021-04-17,16.757696483782574,0,61.93501340495224,27.41947533873778,0,0,1634
2021-04-18,17.34311185083358,1,88.91698624912178,6.648193284872319,0,1,1120
2021-04-19,16.9844720923912,0,74.77205498651296,9.356586647134558,0,0,1911
2021-04-20,12.467487102851837,0,67.15816721729655,14.211120153167037,0,0,1434
2021-04-21,12.862605585551046,1,93.07576518884571,8.588131682580265,0,1,1223
2021-04-22,10.241974374819687,0,53.51547430954043,4.24514160700816,0,1,1604
2021-04-23,14.716525507191692,0,55.54570561604287,15.02889615239315,0,0,1479
2021-04-24,15.353038891617707,1,85.77746358913608,11.86501530192563,0,0,885
2021-04-25,15.623832946276007,0,65.51535914653775,14.896829508619353,0,0,1554
2021-04-26,17.132721779393275,0,62.74281975630456,7.94176457948156,0,0,2045
2021-04-27,19.51171238070807,0,62.037039325842514,10.674086735075402,0,0,1679
2021-04-28,21.117214089362598,0,60.609275134619196,5.138498299353841,0,0,1854
2021-04-29,20.40733867295586,0,74.19382810803947,20.257881960807918,0,1,2199
2021-04-30,23.198288689873756,0,63.544128065592425,12.954303437659746,0,0,2019
2021-05-01,21.370808988344645,1,86.96384724237657,10.496019617005738,0,0,1356
2021-05-02,22.640029259229003,1,66.40326571653358,13.330172845038586,0,0,1154
2021-05-03,25.24002811253584,0,64.67357727876023,13.517717515558672,0,0,1850
2021-05-04,28.61016932381641,0,62.93387940122214,8.645180337515624,0,0,2048
2021-05-05,27.13818064636513,0,51.46951226330012,5.588425467560885,0,1,2542
2021-05-06,25.57153278498348,0,64.64022635864643,1.0294380767479807,0,0,2263
2021-05-07,25.39902251172095,0,61.8491299882799,2.191334156063525,0,0,2085
2021-05-08,26.341722806437495,0,48.22716745253974,15.034685524744342,0,0,2111
2021-05-09,33.478640474034314,0,57.55027875241481,4.133572701566275,0,1,2134
2021-05-10,25.203235040559637,0,60.155814192465336,6.760181785783171,0,0,1940
2021-05-11,20.8890119820924,0,63.46428018767412,11.379535871658074,0,0,1740
2021-05-12,25.25191108667161,1,72.45661582270228,5.843748070773959,0,0,1123
2021-05-13,20.331420969135433,1,73.53804949553458,12.944396650855875,0,0,1010
2021-05-14,24.709847690423125,0,61.47553245998539,3.559952539214791,0,1,2000
2021-05-15,21.177107766714485,0,64.25247919559074,17.522112582103965,0,0,1953
2021-05-16,25.57424910927686,0,53.69089408522698,6.269235369591857,0,0,2054
2021-05-17,27.666910780669934,0,66.97975255171458,7.030908261958601,0,1,2011
2021-05-18,27.42738985963235,0,56.642641730659264,4.591841495166799,0,0,1977
2021-05-19,27.039949861581718,0,53.85329276296994,6.675703929964017,0,0,1803
2021-05-20,23.63905396647214,0,67.27418218838258,7.812435136741097,0,0,1675
2021-05-21,22.918758432530268,0,59.48936811671531,4.658016900183287,0,0,2166
2021-05-22,23.13989407111321,0,52.31629001029739,1.7080006388180138,0,0,2535
2021-05-23,24.325032870373633,0,59.81743015252038,10.265935296741524,0,0,2293
2021-05-24,24.961426175807258,0,64.85573257697104,4.046213174607336,0,0,2151
2021-05-25,23.64204190340051,0,63.214069596740245,4.0477039034661315,0,0,1769
2021-05-26,22.20665931001155,0,57.653794776245334,6.576466591486597,0,0,2221
2021-05-27,22.460475711812297,0,59.03264193801165,8.464891627766228,0,0,2263
2021-05-28,19.410517686897762,0,58.01482423274309,4.135855769367514,0,0,2107
2021-05-29,19.99083821043213,1,84.85533528312571,14.2977786849134,0,0,1203
2021-05-30,26.066222047739004,1,70.83927280833537,3.6090982306139585,0,0,1229
2021-05-31,27.179388371705645,0,63.21511286143015,9.193106848592457,0,0,1891
2021-06-01,25.722437752300422,0,56.75972972592329,1.5641160077295941,0,0,1819
2021-06-02,25.878754933939287,0,60.85629751765251,5.126283069609249,0,0,1527
2021-06-03,20.14899754606074,1,84.65630223381031,24.493575270226746,0,1,1174
2021-06-04,20.24365261598036,0,60.060314803050474,12.21153741307888,0,0,1831
2021-06-05,25.4528609596134,0,55.08682724731268,5.450164888646779,0,0,2368
2021-06-06,23.047089432672607,0,60.791040412979704,8.381401103500878,0,0,1935
2021-06-07,23.628796652749735,0,65.3590398424673,5.401791273374064,0,0,1873
2021-06-08,20.04208233975151,0,68.059207894498,6.960815269992508,0,0,1841
2021-06-09,24.95429140272875,0,52.968384161918415,12.400284631496191,0,1,2148
2021-06-10,23.847693682913036,0,54.425306072102785,9.789026623950422,0,0,1543
2021-06-11,28.58770214433555,0,53.853171038989395,14.287280648037132,0,0,1808
2021-06-12,26.224565117591478,0,59.72692991640238,10.737043400423389,0,0,1754
2021-06-13,27.77291986868546,0,61.37980723532634,3.4311682815926954,0,0,1706
2021-06-14,26.611684452558656,0,54.63048587416455,6.853501933959233,0,0,1832
2021-06-15,28.88063353741919,1,74.16520121673182,9.100056174589113,0,0,1371
2021-06-16,29.265811824510518,1,78.18115753951896,24.323246835192425,0,0,951
2021-06-17,26.38636310639657,0,54.33654834988395,5.606492240177676,0,0,2021
2021-06-18,25.444476329174158,0,66.39865900858702,7.178511942704411,0,0,2345
2021-06-19,23.73658552500106,0,53.87529703360445,4.6327783941135205,0,0,2237
2021-06-20,27.660289024569433,0,59.253384060979386,8.177050499468203,0,0,2272
2021-06-21,26.77961412530997,0,67.00612099444655,7.306298426010708,0,0,2171
2021-06-22,23.085186654724218,1,71.36933445029891,8.930442554249211,0,0,1030
2021-06-23,20.695871395023314,0,59.69208135807928,16.554718809459004,0,0,2021
2021-06-24,21.927720336875183,0,57.591839340060034,5.797406102012409,0,0,1912
2021-06-25,23.8702874617071,0,67.64561525520679,11.206508454156683,0,0,2008
2021-06-26,22.84242479970549,0,57.380431937173256,3.7521182798233115,0,1,2646
2021-06-27,20.09228647911297,0,62.42773518598648,5.930841824337184,0,0,2247
2021-06-28,22.979273455271986,0,63.872077716826375,7.300104649583734,0,0,1682
2021-06-29,26.0731817250106,0,64.04886916516669,4.351652900235004,0,0,1933
2021-06-30,25.991510248798658,0,59.41136436373744,6.7556381480444285,0,0,1781
2021-07-01,28.553217676678596,0,62.135230653158295,4.912907979353967,0,0,1817
2021-07-02,29.76220264895903,0,51.315270265209456,7.2210959671021895,0,0,2011
2021-07-03,31.235060797908275,0,49.6405232323076,6.391603333082563,0,0,2165
2021-07-04,32.81845653057253,0,52.38780807190741,5.982739163950086,1,0,1560
2021-07-05,31.163353048331913,0,52.92947034537019,8.220075848099869,0,0,1926
2021-07-06,30.38267870053143,0,57.90461202891476,6.343614563472432,0,0,1731
2021-07-07,29.044621744601073,0,60.18462086163334,10.233538818287853,0,0,1964
2021-07-08,28.215267617483974,0,52.30868802805854,8.357061338683582,0,0,1634
2021-07-09,30.590853997071758,0,45.47002198972018,13.606395165461702,0,0,1476
2021-07-10,33.11800457211315,0,47.596011877272886,2.6942117054723904,0,0,1835
2021-07-11,32.29309866601658,0,50.613157267190886,3.5519246131424804,0,1,2183
2021-07-12,23.449528042046314,0,51.210031077201705,7.2446353367232454,0,0,1875
2021-07-13,22.002140423817615,0,67.73465013625129,8.092612957336357,0,0,1917
2021-07-14,20.900802420096092,0,59.53749566145911,5.476092825455819,0,0,1844
2021-07-15,23.836452778941748,0,56.63558091386137,20.996844828908653,0,0,1966
2021-07-16,22.80702673412415,0,55.04103203478732,2.707943961569117,0,0,2174
2021-07-17,28.65743704389036,1,79.83736904759247,5.249879037691299,0,0,1303
2021-07-18,28.783977199610362,0,54.82456420152205,3.4393437556376365,0,0,1896
2021-07-19,27.063171308812837,0,55.27137846746017,1.6316180422537407,0,1,2046
2021-07-20,26.35943465395749,0,48.779144985784875,4.520574671338954,0,0,2598
2021-07-21,27.790111334281075,0,52.49604181147458,1.4857469127148262,0,0,1757
2021-07-22,27.46224347414709,0,65.02791785155831,7.109180656230215,0,0,1855
2021-07-23,25.084057008282155,0,58.40875470952708,2.0303560947248203,0,0,1867
2021-07-24,21.90161610890094,1,81.01143835066293,9.116686224077618,0,0,1564
2021-07-25,26.424382673835662,1,79.85743291141847,9.268536226856046,0,0,1757
2021-07-26,24.56919449283252,1,74.73664013127146,7.05464312298439,0,0,1327
2021-07-27,25.695781213142215,0,57.80154792037348,6.345322055255229,0,0,1801
2021-07-28,25.13379001093995,0,47.1725502236533,15.897009975708652,0,0,1917
2021-07-29,22.965780917757616,0,52.43999094954976,6.566765181189679,0,0,2647
2021-07-30,24.367975451275715,0,57.58817778906052,5.615936191473823,0,0,1868
2021-07-31,24.452183467549002,0,55.610329731084505,8.29599725213592,0,0,2428
2021-08-01,23.86765994872581,0,65.22062648245911,2.8011840596290583,0,0,2270
2021-08-02,23.353048967610878,1,78.45770390653107,7.088476271145582,0,0,1656
2021-08-03,24.047994517638728,0,56.873747163119475,8.429090298577357,0,0,1846
2021-08-04,25.358763676631558,0,58.67358464765275,7.350917584918702,0,0,1746
2021-08-05,22.922246709241367,0,51.508075245683166,19.802302161101554,0,1,2786
2021-08-06,22.999192735575217,0,58.314805289485655,3.7195408830761822,0,0,1975
2021-08-07,26.42004304187101,0,58.7775727876985,7.966159952030582,0,1,2656
2021-08-08,23.388149294216753,0,51.54304493669322,7.0947539103732,0,0,1868
2021-08-09,22.468037819882007,0,58.63058687108812,1.7824331216094838,0,0,1815
2021-08-10,15.857816505317178,0,67.2920943950885,5.995532056479581,0,0,1606
2021-08-11,19.16288596853323,0,71.24871693875464,7.941670357660926,0,0,1579
2021-08-12,17.90527696657886,1,66.04276974915969,9.543046224580028,0,0,1222
2021-08-13,18.244535017142617,0,49.66522828431522,2.080121036197621,0,0,1782
2021-08-14,16.608997041890333,0,55.06307672017888,14.610611796322907,0,0,1958
2021-08-15,15.164782730834217,0,57.140694836141265,7.606875144267305,0,0,1899
2021-08-16,15.78969031790283,1,80.69778809825665,5.923511980807857,0,0,1540
2021-08-17,19.27577364429943,0,70.18406728093782,4.498165423153433,0,0,2479
2021-08-18,18.974969413934573,0,53.33979912469597,15.868968914146226,0,0,1669
2021-08-19,19.048589786509368,0,51.61315792960599,22.64122591672625,0,0,1734
2021-08-20,22.55138233867725,0,53.91942696331324,16.324079441780952,0,0,1863
2021-08-21,23.200272760660987,0,43.74431531126318,1.9808905920325182,0,0,2135
2021-08-22,19.743802009417998,0,61.217203356834226,9.712533931348913,0,0,2201
2021-08-23,19.334267287846888,0,63.00180782108347,3.9310237561643144,0,0,2153
2021-08-24,17.84967136062093,0,45.53810264069407,15.272541489325215,0,0,1874
2021-08-25,17.396026981105653,0,68.65934577592114,10.33255903020785,0,0,1874
2021-08-26,12.914342513061023,0,63.08586196942558,4.274801482422925,0,0,1434
2021-08-27,12.237581880026227,0,64.59566089856243,6.371735980263536,0,0,1226
2021-08-28,9.461709640052092,0,69.20562190960415,3.7199285869988308,0,0,1307
2021-08-29,11.909988892821854,0,53.995472919167256,4.103947096746255,0,0,1752
2021-08-30,10.55502323550143,1,81.64920682692042,6.881957212515867,0,0,850
2021-08-31,15.23071617826449,0,56.89101183521134,13.43055247215391,0,0,1483
2021-09-01,10.66035948412227,0,70.09250736161698,8.89768155702795,0,0,1524
2021-09-02,18.49661794991048,0,63.98807773361388,2.715197497744761,0,0,1911
2021-09-03,17.973559006447072,0,60.40319844648755,1.4801843704355488,0,1,1850
2021-09-04,16.393576775833175,0,58.48980950493764,5.252838595849605,0,0,1700
2021-09-05,19.03690278851434,1,71.74713865079748,15.50424374308634,0,0,1191
2021-09-06,21.187562304685855,0,67.6560086105112,4.565014596708798,0,0,2482
2021-09-07,19.126859381918276,0,55.59142285796242,3.6176334485700448,0,0,2111
2021-09-08,17.85459875148117,0,52.465177089071545,9.024661506479823,0,0,2130
2021-09-09,23.715777909383252,0,50.93839186970483,13.916244816638134,0,0,1867
2021-09-10,18.60258396295006,0,54.676919627739764,5.514183813790792,0,0,1911
2021-09-11,17.50463947705545,0,58.55711702083896,8.303988161368121,0,0,2466
2021-09-12,15.86938790000891,0,53.594678175217794,10.606850791570519,0,1,2170
2021-09-13,14.073963426605967,0,59.94549282786695,3.3139839231486663,0,0,1839
2021-09-14,16.844706824385536,0,44.4505978644322,5.230420843190901,0,0,2004
2021-09-15,14.684257861756992,0,61.698817886630124,3.5686742633667894,0,0,1627
2021-09-16,17.587225056805632,0,58.03587026930451,3.9381648808919363,0,1,2462
2021-09-17,14.482041962091674,0,60.7816508674756,9.43602921087428,0,1,2012
2021-09-18,11.512723704400775,0,50.99562169131144,1.669538630804179,0,0,1422
2021-09-19,13.941597224792611,0,65.9962945891811,1.4436208608202081,0,0,1941
2021-09-20,12.510510267349652,0,73.50093308209638,4.816881898835837,0,0,1811
2021-09-21,17.970277822490896,0,58.36759363197828,6.908235821927046,0,0,1877
2021-09-22,12.116887942791205,0,66.42112171440418,9.530274491897597,0,0,1273
2021-09-23,12.846546781766861,0,57.53716859137177,10.00255244769883,0,0,1562
2021-09-24,13.121518070075862,0,67.5309552778844,20.252573964153697,0,0,1261
2021-09-25,9.17391714988683,0,67.28243512951964,12.91421754388507,0,0,1113
2021-09-26,10.5659976554459,0,61.02543156797903,14.22154024371967,0,0,1303
2021-09-27,13.165582485700149,0,68.9662091886353,5.740259740488277,0,0,1430
2021-09-28,14.938820169690315,0,78.11659850574543,5.277449301415869,0,0,1349
2021-09-29,9.29145110653251,0,63.51159793984769,3.2827874315928978,0,0,1245
2021-09-30,9.687103388115734,0,60.454706071542645,20.74047658600303,0,1,1602
2021-10-01,9.442056441788386,0,53.76733102058057,32.26061838904667,0,0,1108
2021-10-02,7.390615611398896,1,87.54630302734331,6.168745818263982,0,0,655
2021-10-03,8.095675347034486,0,61.14617222050586,8.756938661140984,0,0,1382
2021-10-04,8.251123382137116,0,67.7362928460207,5.816346512579975,0,0,1457
2021-10-05,8.915049492956406,1,85.48194224217825,7.454984259006155,0,0,556
2021-10-06,4.605796956181611,1,83.33302862969751,12.590519336249123,0,0,445
2021-10-07,2.6247160492762305,0,68.36535080087366,8.633278591640728,0,0,1245
2021-10-08,5.759761216388239,1,94.13964020150502,5.957779475980617,0,0,687
2021-10-09,10.286050488818798,1,75.21180917198534,8.646577651924098,0,0,934
2021-10-10,14.343384862225385,0,63.754373256088925,3.6819457534881987,0,0,1910
2021-10-11,15.8107467880875,0,64.94495980667514,4.5305506825019535,0,0,2038
2021-10-12,16.744542393985277,0,51.34374793637169,16.979613528525842,0,0,1695
2021-10-13,9.496540103203447,0,64.71684005656729,8.430217441135177,0,0,1306
2021-10-14,7.678554444890822,1,92.14907690226121,17.690774788316258,0,0,536
2021-10-15,7.4130723481168115,0,65.06771021410592,8.609912118392694,0,0,1154
2021-10-16,0.42654178007933297,0,63.99588226896699,11.861778528806422,0,1,1309
2021-10-17,2.698914022756372,0,65.0079730439233,3.3120184187790658,0,0,1072
2021-10-18,3.2658304465536085,0,73.10385891615323,10.23116266304182,0,0,1296
2021-10-19,10.33230738347875,0,57.4662345000714,7.323737125682497,0,0,1580
2021-10-20,10.425656668350005,0,58.5379473537249,15.73802655512551,0,0,1449
2021-10-21,8.114911079762184,0,55.72706997260931,23.38318175810344,0,0,1221
2021-10-22,7.103337137287307,0,69.64384803308009,4.21195032363033,0,1,1458
2021-10-23,9.860755024054207,0,66.9529408961267,3.086070677769874,0,0,1327
2021-10-24,9.401082949066225,0,59.05481818377432,7.541237872043995,0,0,1108
2021-10-25,8.705386740061938,0,59.62104158941452,23.073461042913376,0,0,1208
2021-10-26,6.34807914991603,0,63.28513915472042,4.260334545886165,0,0,1520
2021-10-27,2.8775757205508845,0,67.73718351030239,18.40019385520833,0,1,1474
2021-10-28,1.9543487329041263,0,60.80178155404347,5.5672731838903475,0,1,1560
2021-10-29,8.064133095992704,1,80.16661463168295,8.10189583407579,0,0,755
2021-10-30,4.586054706194134,1,88.60068254740591,7.432754407769425,0,0,507
2021-10-31,0.6145637650653804,0,60.24816639640164,8.187903333353077,0,0,1282
2021-11-01,0.33605983302470044,0,61.65678234597176,3.114081072319304,0,0,1495
2021-11-02,0.9694421980335317,0,68.88100014985076,27.748014010572536,0,0,1138
2021-11-03,-4.279828752434227,0,71.06721512563907,10.819635808439292,0,0,1246
2021-11-04,-3.6206009708185647,0,75.17527897438309,1.6245093406266704,0,0,1076
2021-11-05,-0.7877643563711914,1,87.6256772599677,17.269174369745926,0,1,716
2021-11-06,1.0306675082769012,0,69.05072594713063,4.430709674623861,0,0,916
2021-11-07,3.4172650492948446,1,85.61477470807631,4.114039230447779,0,0,422
2021-11-08,0.29278882419885477,1,86.21658488007999,18.74505896707214,0,0,354
2021-11-09,3.536533270595857,0,58.07545012720174,14.111774246407501,0,0,1046
2021-11-10,7.725081721560455,0,70.69143191614465,10.054877242149473,0,0,1368
2021-11-11,5.709242405105496,0,70.926793783641,9.842220041603953,0,0,1340
2021-11-12,0.029020053605969487,0,68.95350558238306,20.48806256045424,0,0,1049
2021-11-13,1.796322867525311,0,78.35119298928362,6.970023419720424,0,0,904
2021-11-14,3.5766171425276805,0,57.83743461024265,11.880535361018476,0,0,1223
2021-11-15,6.9797217746422735,0,64.5909169321311,10.140025426398894,0,0,1669
2021-11-16,4.255061683371676,0,54.52862986306823,1.4618158469428169,0,0,1566
2021-11-17,6.810755682962842,0,67.1335824834287,3.2195189586129827,0,0,1376
2021-11-18,3.8078004693359118,0,60.876914228171955,9.376978548396425,0,1,1773
2021-11-19,-0.6893532855260913,0,62.370315655644895,4.3273714678729265,0,0,1304
2021-11-20,-1.3897092244011313,1,89.68711348491979,25.61116876556095,0,0,556
2021-11-21,-2.474854355126312,0,74.64206409956756,25.692711905303252,0,0,1159
2021-11-22,-2.299969719652295,0,75.41229431477075,13.482736853072163,0,0,1421
2021-11-23,1.280827535609275,0,65.97140434120155,10.332398232768664,0,0,1103
2021-11-24,3.9043035753214266,1,94.74202976375454,12.311774285335197,0,0,456
2021-11-25,3.0799850226862175,0,73.68479235071406,16.486421071879214,0,1,1756
2021-11-26,0.5106678510937543,1,82.68695556553797,24.115974220595547,0,0,463
2021-11-27,2.0939187354899174,0,63.91426463964905,1.583855532560656,0,0,1281
2021-11-28,-0.6486262871101034,0,81.70418880900371,5.416489369127457,0,0,1485
2021-11-29,-2.9449436377519556,1,84.26068182258315,11.60767435269857,0,0,624
2021-11-30,-3.2686359507936924,1,85.48411720800623,11.204168840877559,0,0,499
2021-12-01,0.8766377087027397,1,89.52850439652242,9.714307012193899,0,1,768
2021-12-02,-4.6942727560889175,0,57.058504900739834,2.8130971259479405,0,0,1251
2021-12-03,-2.8138578870179742,0,71.42178620371136,16.952115222479723,0,0,1130
2021-12-04,-0.5885597014804445,0,67.57622748533427,8.375261931032629,0,0,1206
2021-12-05,-3.286201763229493,0,60.02135187975947,8.52838842699778,0,0,953
2021-12-06,-3.4159967522042782,0,71.63969283654828,6.436315404837204,0,0,1042
2021-12-07,0.2569761575508087,0,63.162198826912004,7.130531408733596,0,0,939
2021-12-08,3.2511513242297596,0,67.69111242545873,8.465889379025123,0,1,1341
2021-12-09,4.761310800937091,1,94.99617512570836,20.0288410633019,0,0,410
2021-12-10,6.156770330660029,0,51.0764141682809,12.854611957562316,0,0,1176
2021-12-11,3.7408251724190666,0,62.21434405039876,27.88320615842329,0,0,918
2021-12-12,5.078422138067124,0,69.53198238809527,5.570805071219323,0,0,1204
2021-12-13,4.498341324692602,0,64.91618000298122,1.8030953050325416,0,0,1728
2021-12-14,3.4763764264943657,1,85.39158869577643,14.444714177822908,0,0,608
2021-12-15,6.364821531215886,0,53.38379443457397,5.94742113459437,0,0,1217
2021-12-16,2.9145191402626667,0,74.84173663437862,11.603804079622472,0,0,1262
2021-12-17,3.2010829866545647,0,63.72277689800601,11.425038219355505,0,0,1326
2021-12-18,-0.07527234284880358,0,61.10188280975491,22.657400756237145,0,0,1043
2021-12-19,6.525916989378511,1,85.40975215841301,18.236764612103656,0,0,651
2021-12-20,6.981125183919151,1,89.64337441620485,10.628383657980725,0,0,720
2021-12-21,5.660693411359431,0,69.54775996105754,2.836273097308823,0,0,1377
2021-12-22,4.019984187838521,0,73.3691615398726,8.781800875895858,0,0,1344
2021-12-23,3.1252743083169725,0,69.70850385906982,9.71549290123727,0,0,1197
2021-12-24,2.172727691150266,0,65.34864786939552,3.955807829470967,0,0,1513
2021-12-25,-2.4505477389293144,1,82.41738800411149,17.165077294819355,1,0,237
2021-12-26,-1.1705954439959654,0,66.91988993796578,7.653928949103149,0,0,1066
2021-12-27,-0.5210226276539784,0,69.20951964283103,2.679304413809487,0,0,1190
2021-12-28,0.8013741603928016,0,66.25837021801881,4.987028951429323,0,0,1155
2021-12-29,-0.20970241745880513,0,70.79162698571366,18.001199685392937,0,1,1815
2021-12-30,10.324919770489576,1,80.05953251094348,10.745819807005251,0,0,694
2021-12-31,7.949004490910868,0,71.22457081236819,4.379243267819155,0,0,1329
2022-01-01,1.0220381215520113,0,71.14607380767498,9.96332037242561,1,0,827
2022-01-02,2.532297245213889,0,59.39026911135055,5.466785984565182,0,0,1256
2022-01-03,4.819084464663979,0,68.40611107895344,3.625333119867184,0,0,1289
2022-01-04,0.48295483066032663,0,59.211196507049976,9.18804158399475,0,0,1234
2022-01-05,1.3853756490708946,1,80.61681925178262,8.836326363180472,0,0,583
2022-01-06,-0.4258173686382558,0,73.31589105098318,12.368543821126757,0,0,1245
2022-01-07,-1.7317640435877228,0,77.39673157801008,5.972460487245438,0,0,1485
2022-01-08,-4.591501215567736,0,58.48419997541167,4.79148127791159,0,0,754
2022-01-09,-5.4625664420247055,0,69.78320584010179,10.677549615069733,0,1,1130
2022-01-10,-3.371686091107792,0,53.78447537715199,7.746777872047627,0,0,1099
2022-01-11,0.07523930226004905,0,57.455711759333475,9.61936475947041,0,0,1282
2022-01-12,0.35901171549985,0,65.51033977111705,1.5785158776847548,0,0,1294
2022-01-13,1.5603469717628045,1,76.92469981283175,18.866050755971354,0,1,812
2022-01-14,0.5233893315501978,0,57.56429928618401,5.334642945428824,0,0,1212
2022-01-15,-0.8081403483629335,0,71.40007740318525,14.389181855172062,0,1,1132
2022-01-16,-1.8048108259567517,0,68.4733533559203,8.358201592289983,0,0,1023
2022-01-17,-1.5117379930240418,0,62.00843887790539,8.335162910549995,0,0,1200
2022-01-18,3.5305899392909277,0,64.60606953282371,12.765418705072,0,0,1326
2022-01-19,-2.3027266266779236,1,93.29958602444094,16.835438952980898,0,0,391
2022-01-20,0.010829706273070006,0,60.79175754470947,10.002488661937932,0,1,1502
2022-01-21,0.9277354564993545,0,73.25697403831805,16.890110424513953,0,0,922
2022-01-22,-3.725654881903022,0,82.00391874149719,8.579138099366451,0,0,1062
2022-01-23,0.9536177988096282,0,67.36575258936604,28.403281760488525,0,0,755
2022-01-24,4.149690762093689,0,62.968191352069134,11.112268158215155,0,0,1578
2022-01-25,6.137935807023693,0,65.40617454235223,4.236961105031196,0,0,1477
2022-01-26,7.14334255890801,0,67.467671830252,5.5169855471475415,0,0,1381
2022-01-27,6.355393972292229,0,66.54432160876897,4.4212634849091685,0,0,1410
2022-01-28,4.485179347253392,0,69.73073017895263,14.671370957344273,0,0,1160
2022-01-29,2.1432924034374756,0,63.93528844767263,6.946980409850814,0,0,1192
2022-01-30,2.497205742962756,0,66.66309817336881,8.62898299355491,0,0,1065
2022-01-31,5.632433309419723,1,82.16926532595286,6.461321505188869,0,0,456
2022-02-01,2.673610085652717,1,79.92212270497131,6.961282154944602,0,0,624
2022-02-02,6.482468774589252,1,76.01154335493015,8.051884722374588,0,0,871
2022-02-03,0.6545896713985133,0,62.99486066470608,7.470619753308531,0,0,1230
2022-02-04,-0.14830739638549506,0,71.4417582181337,5.430858684593205,0,0,1397
2022-02-05,-1.1945464755352084,1,95.664420315162,9.320447000156333,0,0,452
2022-02-06,0.39941696268969196,1,80.6058613822673,8.278468881031053,0,0,430
2022-02-07,5.004500527218795,0,64.92164067144655,4.276976955194652,0,0,1336
2022-02-08,8.206819496325982,0,55.35154919241042,3.1653889945762828,0,0,1322
2022-02-09,8.19804675531972,0,48.07336429416072,6.3993426167028495,0,1,1982
2022-02-10,5.604837989270333,0,63.945979917852526,7.541840048705426,0,0,1511
2022-02-11,7.551318375386412,0,64.91784252090835,13.612355703982113,0,0,1400
2022-02-12,9.952671586813779,0,66.82813426666328,5.311667768525695,0,0,1349
2022-02-13,15.815466576753284,0,70.60989839555113,3.481924974723427,0,0,1754
2022-02-14,10.651314144259533,0,58.92278066043988,6.071285194196336,0,0,1571
2022-02-15,9.193688163294258,0,75.48773166744722,33.79812635279438,0,0,1332
2022-02-16,7.782052496183706,1,81.91377757817139,16.00839410663791,0,0,618
2022-02-17,7.409461335224309,0,56.65357424226599,9.561470335908457,0,0,1360
2022-02-18,8.209434146366354,0,68.06440167879715,5.924640485261059,0,0,1533
2022-02-19,4.920417519431805,1,75.18937728590474,5.674320779923063,0,0,606
2022-02-20,6.490356869766418,0,58.53612896468775,5.992349947809657,0,0,1060
2022-02-21,8.836184981657453,0,77.0673758513875,16.517855567550047,0,0,1407
2022-02-22,11.960589177215152,1,73.14028914365993,5.301833872663799,0,0,839
2022-02-23,11.451958246281635,1,80.73131316477946,7.644475318244139,0,0,1398
2022-02-24,11.28005109912409,1,75.27690670290292,11.602450505479752,0,0,916
2022-02-25,8.313851876453741,0,65.48516626920866,2.8522646561777005,0,0,1288
2022-02-26,12.348700898863326,0,65.35298137044013,16.163953939727048,0,0,1604
2022-02-27,8.991286027466987,0,65.99971447868043,2.361431191834739,0,0,1473
2022-02-28,6.3315877014348185,0,73.88363465223237,26.011189615210533,0,0,1221
2022-03-01,9.726098306279816,0,61.58632907564211,18.672593549009104,0,0,1414
2022-03-02,13.84573889905585,0,67.08507738375957,14.922004970580664,0,0,1774
2022-03-03,14.379347974173784,0,63.95951185121948,5.402598527654864,0,0,1655
2022-03-04,11.630803508490311,0,68.29088422471082,17.89478525648426,0,0,1554
2022-03-05,12.913692510324312,0,61.53008204298177,13.898276886857964,0,1,1707
2022-03-06,8.673176996578281,0,62.86226068322052,14.672640912401842,0,0,1241
2022-03-07,11.497426962425621,0,63.981910213114915,11.237043002354808,0,0,1735
2022-03-08,13.95155482503034,0,76.56092772301567,5.215025948915344,0,1,2407
2022-03-09,14.95151209278437,0,68.25773937623886,12.965791460221505,0,0,1823
2022-03-10,15.411190935385424,1,68.3540642093305,8.318238440891054,0,0,1109
2022-03-11,17.09760433698279,1,82.03503874830356,5.497152130017647,0,0,1482
2022-03-12,15.219264888409274,0,56.44974023706169,10.674895400815323,0,0,1652
2022-03-13,16.285485634495434,0,62.67098777321276,3.0759533375374106,0,0,1876
2022-03-14,18.933117564660325,1,73.84742352128987,12.26247950629347,0,0,1589
2022-03-15,18.35470155101629,0,59.64089851764281,9.126344967240065,0,0,2272
2022-03-16,14.279958393080605,0,53.396365070346,15.940080118960509,0,0,1711
2022-03-17,16.208198262005222,0,59.62328490741762,9.749442444503437,0,0,1725
2022-03-18,13.609592680618377,0,65.27347811886835,13.743059449365637,0,0,1692
2022-03-19,15.592314967831449,0,58.224329844479996,10.898593138297215,0,0,1870
2022-03-20,15.759585991361956,0,74.74018769549801,4.894374489030071,0,0,1942
2022-03-21,14.736755854809754,1,76.50352063985008,9.508227626670877,0,0,1528
2022-03-22,16.80164709313476,0,62.76444634248648,7.208863480903181,0,0,1822
2022-03-23,17.565104171843153,0,59.62548570065102,10.809643777905569,0,0,1835
2022-03-24,16.47591105657413,0,66.03471636806024,24.26065718707068,0,0,2122
2022-03-25,17.20915501517819,0,54.81903476911771,11.316293361325297,0,0,1890
2022-03-26,15.639071620355896,0,63.28080573452414,14.323666574394966,0,0,1875
2022-03-27,17.895062821718284,0,75.69525263384449,2.0498959506692565,0,0,2244
2022-03-28,16.183845831792528,0,66.77948803072425,6.0753745014268485,0,0,2092
2022-03-29,17.10293829220081,0,61.6185554442345,8.351574086226687,0,0,2112
2022-03-30,14.597369566300681,0,58.51166709421058,12.384640053265382,0,0,1687
2022-03-31,14.306228462374385,0,67.89611495549961,6.748225588295719,0,0,2387
2022-04-01,19.84675613507961,1,71.58392819313028,7.371417199563999,0,0,1247
2022-04-02,17.376612625968125,1,62.53774706498821,11.099849430576477,0,0,1188
2022-04-03,18.29092625982508,0,57.892348476383596,12.108159924484458,0,1,2481
2022-04-04,19.011855991889227,0,51.49237943037798,14.384173766399963,0,0,2298
2022-04-05,15.86862401060682,0,70.29154570504083,6.196786651842587,0,0,1653
2022-04-06,15.508441829360999,0,64.58477213249834,12.213130194865421,0,0,1824
2022-04-07,17.221796651232374,1,78.48125451381335,8.33334428451208,0,0,1047
2022-04-08,16.227003342749168,0,49.915847077032026,5.321662803961674,0,0,1685
2022-04-09,12.137768281370903,0,69.19472961799161,3.8117824338283737,0,0,1716
2022-04-10,19.02931097303988,0,66.66082990401577,1.0,0,0,2081
2022-04-11,11.829011005200783,0,62.958015374847335,10.634188362202522,0,0,1326
2022-04-12,16.211186318260125,0,61.2549224582242,4.436729306956801,0,0,1683
2022-04-13,10.555368437894312,1,82.99300584454302,6.968234085240749,0,0,877
2022-04-14,11.944495446082277,0,56.74292175001974,7.208916743149101,0,0,1632
2022-04-15,15.184478616343238,0,59.77804501276524,4.418419397519389,0,0,1865
2022-04-16,11.607442859694261,0,66.58426095333611,10.633858164769695,0,0,1650
2022-04-17,15.321181316850954,0,46.32749090065856,4.18819692593219,0,0,1962
2022-04-18,13.443463774096145,0,73.39623059602009,2.3577059456454013,0,0,1698
2022-04-19,20.721697464804468,0,65.26563741084685,9.844412500435311,0,0,2032
2022-04-20,24.014885898539738,0,64.72225331784452,2.626536024810592,0,0,2048
2022-04-21,22.156411929735487,0,64.84601677552355,3.2971345554371094,0,0,2069
2022-04-22,19.684370778839007,1,71.30677670580897,24.89467639623286,0,0,1206
2022-04-23,20.30842575252478,0,63.789604841966096,6.536349047054614,0,1,2276
2022-04-24,19.25160357588146,0,67.01106240902021,6.156321756164985,0,0,2490
2022-04-25,20.798802316667015,0,57.063802295268324,6.384224432841961,0,1,2200
2022-04-26,19.438929004952556,0,56.99715287603491,10.3964205970888,0,0,1805
2022-04-27,17.775663859742586,0,69.71428416790289,10.650983291236443,0,0,1951
2022-04-28,15.484246836553568,0,69.41933199666943,10.545991519951569,0,0,2064
2022-04-29,20.262114463037932,0,63.047883937810774,11.202736041384824,0,1,2222
2022-04-30,21.850042383254493,0,57.679065456423494,11.598835857708673,0,0,2121
2022-05-01,23.690473402584747,0,59.868082875878926,12.890916991646083,0,1,2557
2022-05-02,20.233947639054993,0,54.5905546098211,8.910805943304577,0,0,2045
2022-05-03,22.71133831146628,0,53.230356933160174,4.187833500621592,0,0,2059
2022-05-04,25.756086888401605,0,59.8906259749301,14.054553889461824,0,0,2159
2022-05-05,30.26606930860271,0,51.89740674619284,14.657892315536124,0,1,1942
2022-05-06,28.277542932573674,0,48.63946072840836,2.427011492580391,0,0,2198
2022-05-07,22.89643998619031,0,50.557612527070646,4.912190135005813,0,0,2477
2022-05-08,19.837641739828097,0,51.899911552168334,15.461100591657992,0,0,1830
2022-05-09,19.082107764671328,1,76.20625001669227,16.633308801233802,0,1,1451
2022-05-10,23.817828342699276,1,81.82942188571839,8.50420932351202,0,0,1334
2022-05-11,23.423989502918836,0,63.28493907757219,5.688938089816384,0,0,2102
2022-05-12,22.610431278605443,0,65.47393698889158,11.907791513610267,0,0,1908
2022-05-13,24.5553273402258,0,61.22401519071534,5.7367055305675345,0,0,2016
2022-05-14,23.813051321682345,1,77.00768214106367,5.380586377024258,0,0,1243
2022-05-15,20.574730654927887,1,76.69249970600181,6.699270774485253,0,0,1213
2022-05-16,23.63571673518912,1,79.67369768352319,9.371853247040677,0,0,1220
2022-05-17,22.192731035691743,0,63.88573496642638,5.706175650049798,0,1,2158
2022-05-18,17.817681037352266,0,62.20195572270363,9.160032438042027,0,0,1909
2022-05-19,15.810778866810285,0,53.777120523890815,5.327878920151516,0,0,1809
2022-05-20,19.930829173013127,0,66.33706272682224,6.302271604009147,0,0,1831
2022-05-21,18.78122487479485,0,55.7471042095052,8.936101793498946,0,0,2039
2022-05-22,20.403368091723525,0,53.01359507008227,19.19305251279146,0,0,1973
2022-05-23,19.442379190439723,0,61.93974923310478,12.710823772361092,0,0,2300
2022-05-24,23.19649182933736,0,63.829685490169936,8.782115014570957,0,0,1882
2022-05-25,23.781164239364436,0,63.355976984371225,9.640200877613264,0,0,2071
2022-05-26,20.702996952382364,0,50.14583956359408,4.952696216775024,0,0,1759
2022-05-27,21.756595431711045,0,61.97243438645741,2.9520424569394503,0,0,2001
2022-05-28,24.507693830767675,0,53.46138276647364,15.206798041827673,0,0,2353
2022-05-29,23.18140008859259,0,56.66672683271346,6.908327790157314,0,0,3003
2022-05-30,25.667546425576354,1,70.86666623895191,15.033193876442622,0,1,1348
2022-05-31,26.021383347269843,1,77.54419217250907,8.90541222569009,0,0,1179
2022-06-01,22.47728699544116,1,76.04619484071144,8.460497738538677,0,0,1753
2022-06-02,27.411867062078027,0,62.51942884667937,10.65199615357266,0,0,1893
2022-06-03,27.33869022511658,0,55.870912674528824,5.5530045725908765,0,0,1641
2022-06-04,26.08170407965844,0,56.81991287906382,4.188028149969766,0,0,2022
2022-06-05,25.955194810985486,0,56.95860528561753,5.177507302754064,0,0,2437
2022-06-06,28.749964562528447,0,42.8853168310512,6.636347812134023,0,0,2136
2022-06-07,28.83185014404974,0,51.83683341035183,1.0,0,0,2142
2022-06-08,32.385746054399874,0,58.39163358388999,3.397726869854788,0,0,1588
2022-06-09,35.39747841110316,0,52.60234730825018,15.564496039675964,0,1,1918
2022-06-10,36.359902982637145,0,43.59598112176752,6.770100911574221,0,1,1712
2022-06-11,33.28115199740644,0,56.98713487713917,9.099267037983054,0,0,2211
2022-06-12,26.55389308942347,0,53.653844967082755,9.418419546971377,0,0,2462
2022-06-13,30.49277853570935,0,58.535977523316056,5.838678233631715,0,0,2035
2022-06-14,31.592672919011953,0,69.36118991143974,12.029446582872795,0,1,2210
2022-06-15,27.193293283543888,0,57.17579077950822,11.764029154118408,0,0,2325
2022-06-16,26.54263628406025,0,60.405695178930756,4.895946727932691,0,0,2116
2022-06-17,30.52087027280726,0,52.681632280837356,5.540351925027228,0,0,2076
2022-06-18,29.924138968089473,0,55.29841737444897,14.690519231474873,0,0,2081
2022-06-19,31.039229290820273,0,53.385644150135874,24.146835301838376,0,0,1604
2022-06-20,30.45188015701803,0,49.34427126903827,11.728756049274084,0,0,2033
2022-06-21,29.438847051622638,0,60.14726454986773,11.555683239903061,0,0,1991
2022-06-22,32.24493244750737,0,59.82405855033135,3.2640710559862587,0,0,1535
2022-06-23,27.322683917383483,0,53.903074769383835,7.868245820738076,0,0,2342
2022-06-24,26.823797828074305,1,69.66465446552604,14.145978889387177,0,0,1303
2022-06-25,30.209630582017763,0,46.51248604078567,5.060810013567821,0,1,2390
2022-06-26,28.311208142639344,0,59.4822809179503,7.625855380397671,0,0,2106
2022-06-27,28.296509947788294,1,84.36597722964962,10.441235766354872,0,0,1082
2022-06-28,28.40431757173533,0,46.30427732614112,13.581076924128695,0,0,1860
2022-06-29,28.336961697937205,0,55.52606848939847,7.279058271442978,0,1,2138
2022-06-30,26.163077684353237,1,82.38138054764958,11.687019956620272,0,0,1320
2022-07-01,26.565864888301387,1,73.71896926176565,14.386512224435714,0,0,1266
2022-07-02,26.826415218744657,1,78.28899812431911,25.492825548725193,0,0,1407
2022-07-03,27.43883690274741,0,50.85673229916466,4.571112173521356,0,0,1954
2022-07-04,23.339256134786723,0,58.76735587728437,11.518868366353686,1,0,1610
2022-07-05,22.651048100597,0,56.81798835882051,6.155908394226577,0,0,2065
2022-07-06,22.54075272288481,0,50.183589138574845,19.90225575118822,0,0,1713
2022-07-07,22.446662607602082,0,58.70760129365874,9.371691995967026,0,0,1793
2022-07-08,26.138195231335406,1,74.22348799498091,8.887957275462245,0,0,1401
2022-07-09,27.188544314590278,0,57.78683509775593,6.510045864560616,0,0,1941
2022-07-10,27.935625331593034,0,50.966389667086034,5.244191141603303,0,0,1940
2022-07-11,26.43744898739251,0,63.048677803073396,31.040986607941562,0,1,1770
2022-07-12,26.659193736541916,0,70.12832794148103,8.246079545253831,0,0,1912
2022-07-13,25.70319949798764,0,53.03624853024422,6.451358287565441,0,0,2297
2022-07-14,24.699627938373162,0,66.69538023588481,7.076997267919927,0,0,2042
2022-07-15,22.537289982968325,0,61.61265556197746,11.767602433774215,0,0,2094
2022-07-16,20.209788557691894,0,51.47667231736108,2.41743739313919,0,1,2467
2022-07-17,24.90187265324139,1,76.90123028495445,37.997914125516324,0,0,970
2022-07-18,27.53864966699651,1,84.04888419620286,15.845645988990865,0,0,1244
2022-07-19,25.03987325296081,0,66.49066551405271,16.382516880869428,0,0,2235
2022-07-20,22.62464723265113,0,50.894937027222156,14.308343639992376,0,1,2663
2022-07-21,23.510779894192687,0,66.93357397292195,9.34734384197805,0,0,2223
2022-07-22,22.318933020537294,0,59.71119569095383,1.200544680387138,0,0,2254
2022-07-23,23.759507778137387,0,63.38622113275545,2.8242538384850695,0,0,2646
2022-07-24,22.90154147251742,0,66.01392224115432,13.395863489939504,0,0,2175
2022-07-25,28.955375715654814,0,53.83061401653644,12.171013878435513,0,0,2143
2022-07-26,30.135839380715424,0,54.74614888661071,22.190003431287483,0,0,1614
2022-07-27,26.94369322975345,0,55.46421393303246,1.501209483290232,0,1,2497
2022-07-28,25.16077380464675,0,58.988982131613795,8.12047429084912,0,0,2715
2022-07-29,24.401441852103574,0,62.62899131512444,12.292807471374399,0,0,1845
2022-07-30,30.50675462437264,1,74.7415686873509,19.85632776541904,0,1,2205
2022-07-31,32.52764726448328,0,44.15818962255736,9.820016384550161,0,0,2162
2022-08-01,30.59640401682947,0,57.35353389653402,5.581513636936245,0,0,1712
2022-08-02,31.150557384669003,0,58.56448539187963,13.188937341989421,0,0,1586
2022-08-03,26.4181709805666,0,54.53281114728723,5.8598261085827685,0,0,2121
2022-08-04,20.069971844299047,1,78.40311943013762,12.192592679192753,0,0,1743
2022-08-05,20.90286332122296,0,45.844200397010425,11.03395383178393,0,1,2401
2022-08-06,19.34653059736675,0,61.641338629123716,3.253624568831594,0,0,2066
2022-08-07,21.251885389716623,0,53.9578405847038,14.63808483777438,0,0,2017
2022-08-08,20.253078005065454,0,64.01080471206458,10.123774864860696,0,1,2673
2022-08-09,26.91328811752343,0,59.36769596027455,4.420687432061272,0,0,2104
2022-08-10,29.2696786623842,0,55.18672788801294,3.779078811850379,0,1,2430
2022-08-11,22.36940555933491,0,48.76026823531908,6.90718617432427,0,0,2273
2022-08-12,21.470099834731826,1,68.59105841137351,23.6223436474949,0,1,1351
2022-08-13,22.03014649131239,0,61.730884785836295,3.531711945029248,0,0,2234
2022-08-14,20.922466683106094,0,68.08832264021547,4.7763940607000235,0,0,2501
2022-08-15,15.483429622460154,0,63.23787330099978,27.19049852334736,0,0,2037
2022-08-16,14.650471170466876,1,78.72113383472409,14.196427269804817,0,0,1061
2022-08-17,15.966677376959602,0,56.08719106963397,9.81864804591606,0,0,1528
2022-08-18,23.352714602788314,0,63.173717774486676,8.022401148442153,0,0,1960
2022-08-19,21.17433044025179,0,65.65940815861241,6.05061241296506,0,0,2152
2022-08-20,20.545337286182264,0,63.082092708089974,9.692514828636531,0,0,2533
2022-08-21,18.46263764135148,0,63.56139763384763,5.981478228770842,0,0,2558
2022-08-22,19.873570526506427,0,52.3795373572751,8.061469452109591,0,0,2252
2022-08-23,18.810667285635432,0,61.25679597611739,14.380234444126472,0,0,1883
2022-08-24,17.344042556820213,0,62.43073489635366,7.693843248136297,0,0,2280
2022-08-25,24.200701614780094,0,59.42259575042354,13.310746689036655,0,0,2266
2022-08-26,18.313878186069235,1,79.29738697142652,5.933985553859092,0,0,1293
2022-08-27,19.893815800600084,0,62.43029587673317,7.176572722878151,0,0,2582
2022-08-28,18.341213980913444,0,64.24344739415704,4.826807860627622,0,0,2354
2022-08-29,16.835802131855463,1,85.9488291901762,12.612952465953239,0,0,1682
2022-08-30,19.279905716113028,0,69.54752708058453,7.722182286827977,0,0,2162
2022-08-31,21.198472695006778,0,56.17573595667799,8.063470986583628,0,1,1880
2022-09-01,20.66365594468753,0,53.14469527661301,6.410056623802231,0,0,2286
2022-09-02,20.908127729076178,1,74.99063282748321,7.0108285335916705,0,0,1379
2022-09-03,16.975560871048692,0,53.678342074717676,5.922411915419097,0,0,1747
2022-09-04,20.24895439439856,0,70.98948765849649,12.270584957807094,0,0,2188
2022-09-05,15.944009708092231,0,69.51084316501662,8.43306178966709,0,0,1668
2022-09-06,15.700631834499388,0,56.517263630325736,10.548342456127632,0,0,2296
2022-09-07,15.789984281141852,0,60.94123171538923,2.9974642700850787,0,0,1865
2022-09-08,22.082981280768255,0,61.41461200432798,14.930260993815546,0,0,2135
2022-09-09,20.901135595497976,0,59.85349407768668,6.03853374774004,0,0,2229
2022-09-10,17.652643155149004,0,54.5050709342021,3.623873720194451,0,0,1914
2022-09-11,17.018837781641306,0,52.92954202674717,31.235180370111244,0,0,1514
2022-09-12,14.988861394802672,1,74.57809069214875,21.829066747377716,0,0,991
2022-09-13,15.793784084024898,1,80.6501304780475,10.8561395243802,0,1,1361
2022-09-14,14.49494693860337,0,51.93193361494757,11.334066555415736,0,0,1596
2022-09-15,17.422256971303174,0,59.833537814277044,9.304298152904845,0,1,2003
2022-09-16,18.6867849023029,0,61.59940733588655,6.163581739767954,0,0,2210
2022-09-17,20.896479622888993,1,81.19010022998346,8.251103242828918,0,0,1104
2022-09-18,23.04751513263909,0,43.732986184497534,1.4995103391859286,0,0,2752
2022-09-19,18.278410663918706,0,70.28910139487044,2.1982820414697355,0,0,1723
2022-09-20,15.687232927313651,0,61.09209439130236,8.510285412701155,0,0,1948
2022-09-21,9.901597754259807,0,66.9834392184543,12.92924737259086,0,0,1804
2022-09-22,11.693972594151212,1,81.92340679301626,18.141962288346512,0,0,708
2022-09-23,12.428800048646528,0,68.94771219168626,1.0,0,0,2122
2022-09-24,18.212288661687793,0,59.06503239998479,7.650589381139591,0,0,2070
2022-09-25,12.649926162374923,0,61.95290213389271,3.0635955902358147,0,0,1370
2022-09-26,13.914507158148457,1,81.72247235353608,7.488858088110617,0,0,698
2022-09-27,14.533027528810553,0,55.44409650125287,12.149682352623147,0,0,1712
2022-09-28,20.11504266143749,0,68.42889986672759,1.0,0,0,2543
2022-09-29,14.035030919017823,1,90.5006877621746,9.569393794276355,0,0,1384
2022-09-30,16.771904423813613,0,64.20915773567538,6.925091833631812,0,0,2083
2022-10-01,13.818412895231713,0,61.04043936957444,16.707349649216404,0,0,1699
2022-10-02,14.900925606038198,1,90.31035067970869,6.167716168960476,0,0,1226
2022-10-03,12.096907193500162,0,63.81021687615686,9.096984732453434,0,0,1933
2022-10-04,15.345834923602967,1,85.84725475488538,19.09244652415256,0,1,1557
2022-10-05,14.380175772878754,1,88.38363705857248,10.08488039839403,0,0,1131
2022-10-06,12.502331762740623,0,65.64461090614499,8.986051513464332,0,0,1413
2022-10-07,17.89400895965155,0,53.697243079161495,6.110993380478682,0,1,2483
2022-10-08,11.995323402176998,0,52.47922510098989,6.040031479728729,0,0,1717
2022-10-09,11.351089383250054,0,67.71820208214787,1.5716452762912045,0,0,1896
2022-10-10,10.851938229031003,1,76.10552545868649,7.123639259955613,0,0,1187
2022-10-11,11.898293953694502,1,77.0198054782488,3.77312658264664,0,0,1078
2022-10-12,11.116189553624219,0,65.01807060469939,8.058686060350384,0,1,1741
2022-10-13,7.5831958571178575,0,57.513128627024706,10.097846080645377,0,0,1389
2022-10-14,9.361475634012537,0,52.45979966511569,6.38397581722271,0,0,1697
2022-10-15,7.015758647074287,0,68.38209077334133,8.99511952739424,0,1,1988
2022-10-16,8.515001413230252,1,73.0715241734646,19.041888350057903,0,0,588
2022-10-17,8.077455468518771,0,51.33798009768908,3.0908166866327935,0,0,1558
2022-10-18,11.01756462984946,0,60.14238732759806,12.4907927543859,0,0,1618
2022-10-19,13.766071245912933,1,73.73247327443225,7.057082362645533,0,0,947
2022-10-20,13.529309117891398,0,62.27311498145206,2.9383743790753,0,0,1687
2022-10-21,6.111695484968717,0,61.01448965599447,12.97775085052852,0,1,1747
2022-10-22,7.570769425246362,0,64.81406354874557,7.0391377026038535,0,0,1384
2022-10-23,5.68545674497211,0,70.48623808463776,5.4914824817322705,0,0,1111
2022-10-24,7.840668172720495,0,70.65046823568598,3.2597417718513437,0,0,1478
2022-10-25,6.802669321630139,0,59.73092150898429,4.7818233873317215,0,0,1415
2022-10-26,6.991122295555956,0,71.40466191236962,4.571645123037251,0,0,1347
2022-10-27,8.224260484802382,0,68.66605927074124,11.372889993963902,0,0,1184
2022-10-28,4.3713987929090035,0,63.23345942764787,2.365444943919824,0,0,1395
2022-10-29,1.1887760957563902,0,57.74736930031722,12.799582878258676,0,0,1399
2022-10-30,-0.48404696473710107,0,69.91739181751245,17.747343058882162,0,0,1133
2022-10-31,1.2286767292162537,1,81.88731788291234,9.417442658283488,0,0,635
2022-11-01,-0.1855359546987856,1,85.23484673503908,8.371315436753221,0,0,670
2022-11-02,-2.0287746268036653,0,52.81275587873538,5.95095372376739,0,0,1136
2022-11-03,0.7826368453161265,0,62.07555651026036,4.648691074051992,0,0,1303
2022-11-04,3.066636957820551,0,52.72093794546497,14.084498607648491,0,0,1150
2022-11-05,1.78323434474627,0,59.832713734741944,4.645396931010382,0,1,1487
2022-11-06,2.3166643584317947,0,70.75508546601701,7.767743494938939,0,0,1139
2022-11-07,0.12194382836113071,1,88.63249599677377,4.936961943064947,0,0,761
2022-11-08,2.405958143244738,0,76.36579186896297,11.963742762630924,0,0,1494
2022-11-09,0.1453819652697783,0,61.15433008440012,7.67537382169841,0,0,1441
2022-11-10,-1.6951674141129267,0,73.93995573786883,9.058863594349516,0,1,1862
2022-11-11,0.5394397802514925,0,54.80287107212288,6.167900790165491,0,0,1376
2022-11-12,2.531141116964928,1,85.35185741768336,7.126076829677432,0,0,755
2022-11-13,-0.43375244138510727,0,73.34653998234451,5.113568846542172,0,0,1111
2022-11-14,-2.177107204470566,0,79.29133490297963,9.388926662490935,0,0,1377
2022-11-15,2.6546403763340556,0,62.54900703700285,14.76650853424183,0,0,1263
2022-11-16,-0.5554593198657996,0,71.04537759770332,8.786020684195691,0,0,1130
2022-11-17,-2.940626732561473,0,64.25157369487235,2.0137218070637557,0,0,1574
2022-11-18,-4.682695924915286,0,66.7623735503634,3.9147595585534436,0,0,1214
2022-11-19,0.8161711103796594,0,75.80419074532406,14.7891344941835,0,0,1213
2022-11-20,1.4214211916992128,1,85.31085328396105,12.878864798584475,0,0,360
2022-11-21,-3.4107941636997428,1,91.69177291286837,4.800579348390329,0,0,496
2022-11-22,-3.5105577393590313,1,88.0908790430143,13.865721770313705,0,1,519
2022-11-23,-0.24602090651971054,0,68.32165972937203,8.60666908869395,0,0,1308
2022-11-24,1.998298916867163,1,88.54745161177235,5.147858834093164,0,1,907
2022-11-25,2.0106733726888595,0,57.12811057437965,17.30356726381705,0,0,1247
2022-11-26,-1.4024425110367735,1,85.19785609473446,8.15904224885672,0,0,523
2022-11-27,5.464494592197969,0,61.84411820511019,4.784275387889347,0,0,1356
2022-11-28,2.6544922457785534,0,65.66576512789058,1.4728648821116452,0,0,1544
2022-11-29,2.813749007370845,0,62.05605900681897,6.040855909421305,0,0,1594
2022-11-30,4.147168922479935,1,91.0743514723844,17.26316433954319,0,0,712
2022-12-01,0.23686314422549137,1,87.42000743771987,7.387086327813392,0,1,731
2022-12-02,3.016341123520652,0,66.01261334426134,1.0,0,0,1506
2022-12-03,2.404135139483377,0,55.28289942902407,21.54478725106279,0,1,1569
2022-12-04,4.204840821269396,0,68.7905567657898,5.264588180668997,0,0,1402
2022-12-05,3.7682913700436753,1,94.02066920524587,18.31666036853455,0,0,737
2022-12-06,2.3821929613135238,0,69.72189160197136,15.293461186995467,0,0,1499
2022-12-07,4.4178993096252,1,84.49947939538559,11.128382252014767,0,0,838
2022-12-08,3.3064588622596123,1,83.60843919169218,8.232194970115273,0,1,1028
2022-12-09,-3.686970787032255,0,70.33211946538765,8.246086530040916,0,0,1168
2022-12-10,-4.314812265954249,0,67.94165227837581,13.814530942225995,0,0,1219
2022-12-11,3.8871436997532833,0,74.04784911911642,6.477036861683784,0,0,1418
2022-12-12,3.9154790644071573,0,78.27824987428104,1.0,0,0,1358
2022-12-13,4.779730301919431,0,67.24254162456991,7.144585924075361,0,0,1882
2022-12-14,-3.0173259860762354,1,80.64553630987797,7.424627202444425,0,0,499
2022-12-15,-1.430485290275303,0,66.32903131407224,9.667736398004907,0,0,1619
2022-12-16,-5.144546568190619,0,78.28220651523627,3.3104305173625033,0,1,1403
2022-12-17,-4.388732554292887,1,90.55520430954405,7.765130029167129,0,0,319
2022-12-18,-4.669734617990174,1,78.51863487586004,7.051581441455354,0,1,841
2022-12-19,-1.3920440603967674,1,84.47502072103079,9.768478035541586,0,0,551
2022-12-20,4.262533388187144,1,89.49136463838073,6.171174636099849,0,0,551
2022-12-21,5.402323780100531,1,87.07475284008487,11.901375263547743,0,0,826
2022-12-22,5.499477619192296,1,80.60399705220057,23.475113735204268,0,0,899
2022-12-23,5.292124963088655,0,70.29080577052692,5.56615132497232,0,0,1674
2022-12-24,1.453038848882675,0,70.1484273349267,6.075470433381806,0,0,1192
2022-12-25,6.547694842191825,0,63.072482989352864,1.2871140794453912,1,0,1301
2022-12-26,6.637639137868048,0,72.93002034528871,3.866967785226903,0,0,1415
2022-12-27,5.488182600352543,0,71.3716231071275,6.013508436221507,0,0,1382
2022-12-28,4.284386021286806,0,64.68727221931441,14.301813283918255,0,0,1168
2022-12-29,5.257247586290681,1,89.28601589714187,18.56263427598898,0,0,559
2022-12-30,-2.7183451500212477,1,86.7139963360185,8.890737278815987,0,1,854
2022-12-31,-0.1495848695254316,1,83.19444604350522,16.09909373899611,0,0,479
2023-01-01,1.7510404183685622,1,76.81035705475068,24.031330844872137,1,0,220
2023-01-02,1.8045464582082122,0,62.24113191573114,8.91191744655869,0,0,1260
2023-01-03,3.2429219731681,0,68.84964754448384,3.4316425587838637,0,0,1085
2023-01-04,3.0209688853401757,0,76.29424862492235,5.298810744187716,0,0,1079
2023-01-05,2.456876238679034,0,77.42173155767595,5.259920533254714,0,0,1151
2023-01-06,1.8466628169179726,0,65.23731940587413,13.581583573853031,0,0,1381
2023-01-07,-3.0784417415078913,0,64.7938483124335,6.807182715443362,0,0,962
2023-01-08,3.540776529568787,0,69.2913372053692,2.400036792676005,0,0,1723
2023-01-09,3.6305511537238857,0,64.57408792155977,8.150430100851676,0,1,1810
2023-01-10,5.526815963902338,0,60.687418727117034,8.032977078429896,0,0,1946
2023-01-11,5.33117976143831,1,86.43272420936701,4.988955017485132,0,0,679
2023-01-12,3.4641869819507587,1,87.68501402101155,16.860219453245662,0,0,607
2023-01-13,5.829947204066265,0,55.25094115084853,4.011260324460607,0,0,1606
2023-01-14,9.899203020568379,0,57.864212463623055,11.830717908341187,0,0,1512
2023-01-15,6.704397125908411,1,94.56579010099918,14.8833267750828,0,1,1132
2023-01-16,3.402516944394762,0,76.1608202674701,11.92784807115789,0,0,1378
2023-01-17,5.293867513205688,0,64.03508927015446,4.907386735550703,0,0,1698
2023-01-18,3.430200263110675,0,65.93467505564804,1.0,0,0,1450
2023-01-19,3.2011762802004844,0,73.44804969825165,11.788631915201613,0,0,1191
2023-01-20,5.89501751420123,1,71.73773572892155,19.127437275540277,0,0,647
2023-01-21,5.972356215716112,0,67.31611016367768,7.941737050788831,0,1,1742
2023-01-22,2.7116496473548644,0,74.27421598011162,4.356432131368365,0,0,1080
2023-01-23,6.504714268711216,0,62.76660540642749,17.489151219648594,0,0,1197
2023-01-24,2.9781153623091434,0,64.16569863410903,9.220020556907759,0,0,1527
2023-01-25,5.034575214587628,0,66.93819585716105,13.128767765945598,0,0,1232
2023-01-26,4.1305846986392725,0,64.83956208613368,8.754549669950302,0,1,1521
2023-01-27,4.711062283619705,1,80.77431102007947,17.464400449742804,0,0,524
2023-01-28,2.246842305214817,0,58.731441867572144,5.6089718457833495,0,0,1591
2023-01-29,6.047232916313999,0,64.26493340405335,2.9883582477719006,0,1,1503
2023-01-30,4.552972840617457,0,68.29466711485975,1.0,0,0,1706
2023-01-31,4.902064062036765,0,56.57004432652472,6.501171215516591,0,0,1332
2023-02-01,7.966920255178901,0,61.19831859647153,8.72884611069235,0,0,1631
2023-02-02,3.5044134858575653,0,61.78527961107481,9.982404889124028,0,0,1331
2023-02-03,3.795131412065479,1,72.47283278951525,6.067118527712012,0,1,741
2023-02-04,1.3935351704986716,0,71.4007874174012,1.0,0,0,1105
2023-02-05,-1.2266708264333008,0,69.80195149060093,1.3765608694066798,0,0,1301
2023-02-06,1.1719645407782373,0,66.55928321684907,7.0885641134120245,0,0,1086
2023-02-07,2.570264924771286,0,57.73118467223088,4.745402973099109,0,1,1936
2023-02-08,2.0972215171143245,0,80.04480684359619,12.306358882712809,0,0,1499
2023-02-09,-1.9670401112423281,0,69.50107647897141,8.14855584175042,0,0,1227
2023-02-10,0.5373875725897079,0,74.26797480378572,13.779707005696997,0,0,1339
2023-02-11,3.450986209321771,0,68.01162882877388,12.09278142832095,0,0,1229
2023-02-12,3.3518163029142247,0,57.774689093897685,7.757121948207782,0,0,1358
2023-02-13,5.173138409138586,1,91.97035244872605,5.0502438598288055,0,0,1062
2023-02-14,4.505518350673091,1,83.10344565038957,7.119004486084708,0,0,1023
2023-02-15,-2.132895472006437,0,65.4619775016027,3.3627790181786836,0,1,1626
2023-02-16,-4.545244136586144,1,89.3841952564078,20.078921317770686,0,0,520
2023-02-17,0.0013183809783692269,1,83.4080506636017,9.802316511266453,0,0,623
2023-02-18,1.5991401818602755,1,75.78285289503788,17.10548659313053,0,1,857
2023-02-19,1.8431733376908248,1,79.2925226682115,8.557103050815702,0,1,801
2023-02-20,6.8435694089181975,1,79.96624727674099,6.950288990306132,0,0,843
2023-02-21,6.186743948470607,1,77.15801277674491,7.955402261635113,0,0,1097
2023-02-22,10.848121650558262,1,87.00050967306882,8.666319686113347,0,0,744
2023-02-23,11.16698086034036,0,66.24953386988818,3.0923862380852336,0,0,1597
2023-02-24,10.561282048100047,0,69.27728507674851,10.310103267907676,0,0,1439
2023-02-25,9.055056472815135,1,74.03799314288837,13.028249286994843,0,0,720
2023-02-26,12.247205683365904,1,89.59507747789675,21.255042889426946,0,0,909
2023-02-27,11.334812397177997,0,62.95731148431221,7.259179127974907,0,0,1878
2023-02-28,12.768746762280335,0,59.55924318340014,6.113005067329303,0,0,1894
2023-03-01,15.222124868471862,1,77.51607201996825,14.931305421155777,0,1,1207
2023-03-02,10.851605239829604,1,73.45267720762638,16.878617433215837,0,0,1197
2023-03-03,16.07126649289515,0,64.10096857303391,7.836652894056794,0,0,1854
2023-03-04,15.745257921538412,1,78.68882085281247,15.39961688007295,0,0,1400
2023-03-05,15.991860702044672,1,78.60721517174693,16.618131246052098,0,0,1690
2023-03-06,12.291846951682349,0,59.959274163783256,7.1597596228169476,0,0,1926
2023-03-07,13.000158198434619,1,80.98219349715141,8.719587753279644,0,0,1306
2023-03-08,14.888481872628017,1,78.19790852001117,9.713994305311854,0,1,1270
2023-03-09,14.528161018575936,0,51.2325027441324,4.309598396615559,0,0,2146
2023-03-10,18.019976709350434,0,56.11042391705709,3.421315736979191,0,1,2204
2023-03-11,14.845387156819532,0,53.46735200289565,7.841784617976345,0,0,1654
2023-03-12,9.938554619404584,1,81.34354819837537,10.569524952274612,0,1,862
2023-03-13,9.11299359682804,0,68.65010135067305,10.137924632461345,0,0,1421
2023-03-14,12.614403860699005,0,69.31094496496911,8.7085412253719,0,0,1813
2023-03-15,12.839260672605906,1,75.92324350978424,11.555433024279802,0,0,947
2023-03-16,15.074152871601287,1,79.39688691514621,12.43512256785446,0,1,1045
2023-03-17,16.579634750812883,1,74.18466931981177,5.614239358356664,0,1,1322
2023-03-18,18.779744385234533,0,70.83571683591097,3.5752048253654585,0,0,2274
2023-03-19,16.205824009117258,0,62.75181717789911,2.5571091372561416,0,1,2441
2023-03-20,16.690589292205072,0,57.74323467501959,13.463123449616113,0,0,2073
2023-03-21,15.756690832683244,0,56.83705183712928,4.988506617024655,0,0,2229
2023-03-22,12.304704738775364,0,72.65384721238256,2.835780035443989,0,0,2305
2023-03-23,14.42601879528423,0,71.63614878062981,10.562254376587804,0,1,2004
2023-03-24,13.720272873074087,0,67.54837894814835,17.169510961542642,0,0,1673
2023-03-25,11.59062123639205,1,80.14883946990665,9.596590053111516,0,0,1177
2023-03-26,13.977189976704569,0,62.51438225972994,17.431753944270522,0,0,1314
2023-03-27,17.88467589062432,0,52.592814284145746,2.628474005735861,0,0,2145
2023-03-28,20.124505690429913,1,79.0905405553122,7.158415809413956,0,0,1780
2023-03-29,18.268743174245323,0,63.66153853406447,1.316682702866047,0,0,2331
2023-03-30,14.2749908958292,0,73.68555877128007,19.637960667411924,0,0,1825
2023-03-31,16.476151378038992,0,65.61945310127989,15.497999279030255,0,0,2220
2023-04-01,19.146151538591365,1,73.27417542780368,16.509945403759488,0,0,1184
2023-04-02,18.88711843452472,0,54.64919937886128,12.04490361935819,0,0,2098
2023-04-03,15.785496612481897,0,63.537527792029785,1.3511193738662688,0,0,2528
2023-04-04,15.401856989224305,1,78.93564249709583,14.895295052133218,0,0,1260
2023-04-05,17.25966731808329,1,80.92623803109818,9.580174108793457,0,0,1591
2023-04-06,13.981203168846344,0,61.923102709516655,8.809152555396441,0,0,1884
2023-04-07,12.801232717793141,0,64.28845009770464,7.548945760782486,0,0,1644
2023-04-08,16.047183327450455,0,65.36842154597792,3.829732530111928,0,0,2058
2023-04-09,17.95077113777174,0,65.88374222868964,6.169267183758576,0,0,2394
2023-04-10,17.95741293964247,0,54.55626426036838,20.05682565022327,0,0,2064
2023-04-11,17.119400123802045,0,68.04819646087849,15.111839169085886,0,0,2160
2023-04-12,18.1086277785295,1,77.26818561745507,8.752822196608099,0,1,1523
2023-04-13,20.32940230477203,0,55.15837238192505,5.574722466409376,0,0,2429
2023-04-14,23.274907064131284,0,65.60646726690653,8.317325781994583,0,1,2416
2023-04-15,20.875819187589528,0,58.9680232097029,2.190224386596771,0,0,2672
2023-04-16,20.09781338167258,0,54.682716874049106,9.549150135803098,0,0,2163
2023-04-17,21.125976371839727,0,50.11020619341404,8.309673156363047,0,0,2216
2023-04-18,17.956124205338302,0,59.28187673918131,14.332082128727315,0,0,2308
2023-04-19,19.779519878453645,0,64.65872083124694,4.77599288603031,0,0,1862
2023-04-20,22.12615707990996,0,66.12063561099549,5.186033363804913,0,0,2189
2023-04-21,18.988927005745396,0,63.46149970294604,10.457238447056968,0,0,1834
2023-04-22,23.889994407501916,0,58.353579353376794,9.49590282930252,0,0,2387
2023-04-23,26.0835685899067,1,84.6278837994896,7.116599477454525,0,0,1620
2023-04-24,27.704923143307077,1,78.83903957357478,11.793841651653205,0,0,1599
2023-04-25,22.976530571596687,0,57.6159107828754,11.517487636916444,0,0,2173
2023-04-26,25.780124047878658,0,62.68895683942373,7.813335100020616,0,0,2300
2023-04-27,26.823568990179258,0,65.02317583692107,4.358075711668313,0,0,2433
2023-04-28,22.571866513975195,0,56.81963320007325,1.8456915901277984,0,0,2727
2023-04-29,23.594278121373886,1,73.72597630022567,13.181622184592433,0,0,1426
2023-04-30,18.044097722257554,1,80.43516542057525,5.633336293286352,0,1,1691
2023-05-01,24.50428251845092,0,60.932832409658715,7.735500522284016,0,1,2700
2023-05-02,25.763999319518582,0,55.440696939620416,21.521280822674957,0,0,2147
2023-05-03,23.448086942490864,0,62.87726208712948,7.873511190414192,0,1,2625
2023-05-04,25.873506255612188,0,52.07522202357632,1.9476189751826414,0,0,2086
2023-05-05,23.612161114822875,0,59.14849252668552,21.966728967362492,0,0,2319
2023-05-06,19.343503265826552,0,50.49472619572037,1.9277488819348618,0,0,2119
2023-05-07,20.90000694990495,0,52.40909991084677,8.342928138623538,0,0,2202
2023-05-08,20.867617664475844,0,58.08046184950927,4.682903273565101,0,0,1652
2023-05-09,16.58585940334662,0,62.305014526653785,5.704988879112522,0,0,2120
2023-05-10,18.233352503737155,1,73.13085004229438,15.192877561798474,0,0,1311
2023-05-11,24.732122579369495,0,59.70483862382684,15.569531557810924,0,0,2203
2023-05-12,23.288722544416874,0,61.536346260000606,7.330660653943154,0,0,2065
2023-05-13,25.57429934265337,0,55.846379630177054,9.86006057311425,0,0,1838
2023-05-14,27.221115753872922,0,58.854057536501536,14.504570538509155,0,1,1982
2023-05-15,25.29543363338216,0,61.53652878958459,12.834328071178543,0,0,2012
2023-05-16,24.9599844591744,0,40.07067296599767,7.048384373247005,0,0,1877
2023-05-17,23.6989316048681,0,61.30068637870757,4.043669562806509,0,0,2001
2023-05-18,23.235173313483898,0,58.91331004712171,1.880363947998393,0,0,2373
2023-05-19,25.726555217021044,0,49.46344288938861,6.535955241197215,0,0,2126
2023-05-20,23.28210841366703,0,63.94412068365082,5.313821317191784,0,0,1897
2023-05-21,23.203752460397606,0,51.1069419573144,6.516762279582734,0,0,2693
2023-05-22,25.060486441458387,0,55.87124064916355,8.207238191599753,0,0,1883
2023-05-23,25.962782181605156,0,55.53128200098063,7.970898811410011,0,0,2236
2023-05-24,27.244760051004388,1,75.17957435941666,11.89086635388973,0,0,1310
2023-05-25,25.0965840372453,1,75.7494805137921,11.51459685080125,0,0,1529
2023-05-26,25.981565835638524,0,56.504427875869254,7.426339536176457,0,0,2453
2023-05-27,29.995022037312747,1,71.29201070565558,10.63562545453848,0,0,1483
2023-05-28,32.37821565793024,0,61.17917200024423,8.783665348257939,0,0,2105
2023-05-29,29.133019497231025,1,70.19710105920427,13.791892861694016,0,0,1125
2023-05-30,27.199286330317364,1,77.66894851072169,14.145318862940282,0,0,1592
2023-05-31,27.722340814238898,0,56.0695536579653,12.030450216930552,0,1,2031
2023-06-01,30.34210043571952,0,47.39779633037936,5.5557478377283624,0,0,1721
2023-06-02,36.07255257302546,0,44.050583888355064,9.248339825507294,0,0,1742
2023-06-03,35.736367770031144,0,45.68021032650505,6.250033601457236,0,0,1944
2023-06-04,33.9561788018686,0,52.072215086525965,7.4943070921651245,0,0,2079
2023-06-05,31.19024526409051,0,49.135264159878744,5.7442025143294275,0,0,1919
2023-06-06,26.28307227798234,1,67.29450653523094,6.941786102057515,0,0,1286
2023-06-07,25.4578550114628,0,60.077018175380886,9.673994124000936,0,0,2431
2023-06-08,26.029260898664806,0,56.348318483198234,9.676008414117465,0,0,2219
2023-06-09,25.136302553562842,0,67.02533604639106,3.48397461421668,0,0,2501
2023-06-10,24.98817775901539,0,52.86493047580988,8.027834189540268,0,0,1864
2023-06-11,22.476049998263544,0,47.56613583687714,12.047896576830846,0,0,2262
2023-06-12,22.165340302171124,0,63.1064411683624,2.8204958235156954,0,0,2022
2023-06-13,26.672333872240504,0,54.718318706161085,9.455201567294706,0,0,2102
2023-06-14,27.661477241179405,0,58.63413948404952,4.389543730476179,0,0,2649
2023-06-15,22.271680893640905,0,55.48970030641987,6.212551834869768,0,0,1893
2023-06-16,27.034635645787436,1,66.59600244354274,7.128456990855613,0,1,2162
2023-06-17,25.239460960658086,0,66.29132628181704,12.011433972056802,0,0,2483
2023-06-18,26.04779775599207,0,51.38432197054726,12.25520643232393,0,0,1993
2023-06-19,28.903529167964557,0,55.864890691469526,14.782056640823102,0,1,1936
2023-06-20,30.287978385959125,0,51.45599020116016,6.7013269091125895,0,0,1886
2023-06-21,32.797860211580854,0,56.59674215802081,14.886080796967592,0,0,1469
2023-06-22,29.918743223536197,0,54.18871576824788,5.151414003817259,0,0,2094
2023-06-23,32.52344289476768,0,47.771623484887655,8.438739826719935,0,1,1963
2023-06-24,32.535469012894104,0,48.49103979186094,11.061934920633554,0,0,1864
2023-06-25,32.57944725276224,0,58.87025472457866,3.965396560129487,0,0,2026
2023-06-26,29.57342242578897,0,69.9517883712827,4.9919047666671466,0,0,2068
2023-06-27,29.37125805218138,0,57.99043543970633,6.758309035955342,0,0,1732
2023-06-28,27.541754505126807,0,48.86672013891789,9.722810953867866,0,0,1954
2023-06-29,27.379725462175596,0,63.49627707126976,3.911247322243608,0,0,2170
2023-06-30,29.1119117266503,0,52.58900320025679,3.9365906430889988,0,0,2101
2023-07-01,28.494034771679956,1,71.82481892552656,8.05451629893166,0,0,1330
2023-07-02,32.575934905839134,1,65.86239804981541,10.244373601553907,0,1,1653
2023-07-03,27.64250433062553,0,48.60351150049907,13.48994297899174,0,0,2227
2023-07-04,25.893164094276344,0,40.11745814849811,5.175854557570039,1,0,1611
2023-07-05,32.712814629612225,0,63.091374478773076,4.856158920613177,0,0,2458
2023-07-06,32.81667130088974,1,72.18883167142482,13.74859248527921,0,0,1179
2023-07-07,27.372627786265134,1,71.70681841081785,8.187141528592342,0,0,1654
2023-07-08,26.249563174786974,1,73.05529162743164,23.56009522482764,0,0,1588
2023-07-09,26.264140846848594,0,58.81137211713409,12.674518998676401,0,0,2697
2023-07-10,26.152815679789388,1,81.29822207064518,15.188617038795302,0,0,1547
2023-07-11,23.769654756035244,0,60.81968126306328,10.909487858194577,0,1,2378
2023-07-12,27.969659371181343,0,58.77063691029898,13.789311562276435,0,0,2132
2023-07-13,30.62827888116592,0,47.00225312028816,8.321400417719438,0,0,1913
2023-07-14,30.676999898173676,0,54.09933634041128,6.127330495314475,0,0,1743
2023-07-15,28.390550853192394,0,49.07062949396088,7.528544804188575,0,0,2166
2023-07-16,24.61778085245608,1,75.90946378454444,22.494047246353624,0,0,1450
2023-07-17,26.919199662122274,0,61.86528562899422,10.64207931160855,0,0,2027
2023-07-18,27.53381659378558,0,52.69593089140039,4.815805692449653,0,0,1995
2023-07-19,29.217208205898487,0,54.01555992807231,7.6454651694727405,0,0,2189
2023-07-20,32.017878471260424,0,49.119004247498225,15.215771544785992,0,0,1135
2023-07-21,31.618686361122244,0,59.1709398985091,12.211816363844308,0,0,1618
2023-07-22,22.028321428553717,0,52.205170199148945,12.146459464796019,0,0,1882
2023-07-23,20.12038212455231,0,52.25904417734937,10.67577647781241,0,0,1973
2023-07-24,24.499348588527138,0,45.29493998619164,12.367104639565682,0,0,2301
2023-07-25,26.6959992945317,0,52.28869461859663,4.555409709430552,0,0,1739
2023-07-26,26.48757620371152,0,52.20318520408604,15.848239522784905,0,1,1955
2023-07-27,27.939620688831738,0,58.47666665840081,5.335211066067437,0,0,1831
2023-07-28,21.35129985014889,0,58.7487945104878,8.180153114318061,0,0,1809
2023-07-29,25.731245956363896,1,67.26342545856825,8.88383830738003,0,0,2035
2023-07-30,23.681276702938284,0,51.594672729738996,10.723530150619588,0,0,2819
2023-07-31,22.99582468062984,0,54.10346058174996,6.0744658356428465,0,0,1842
2023-08-01,19.622925995395036,0,65.09918180946832,13.181186766856088,0,0,2264
2023-08-02,22.864653054115376,0,58.12995496707609,10.528856873180747,0,0,1926
2023-08-03,25.833992229810992,0,59.36064085088359,4.882541355147386,0,0,2248
2023-08-04,24.221250085873525,0,61.49546475143273,1.618615922816498,0,0,2389
2023-08-05,23.81849728507248,0,62.356003284323364,8.83115379157394,0,0,2524
2023-08-06,22.20526475767812,0,65.85188763405074,10.360119568342204,0,1,2389
2023-08-07,20.009059235001352,0,59.47551111087551,8.997185232119392,0,0,2282
2023-08-08,21.466146340669994,0,73.40305715775213,8.765596147796234,0,0,2570
2023-08-09,18.21108414408787,1,74.20936548229247,6.42050048022532,0,1,1876
2023-08-10,17.45672350623017,1,77.51485563608368,5.561938796632642,0,0,1000
2023-08-11,21.031374918199027,0,54.9085095288897,9.151120263159594,0,0,2342
2023-08-12,25.528171635786723,0,65.56108681904414,6.506751557158742,0,0,2413
2023-08-13,22.75383098569019,1,88.36152931242705,5.761773635784177,0,0,2258
2023-08-14,23.456948994693864,1,71.4770641560819,6.9376869991082035,0,0,1677
2023-08-15,26.09924353668219,0,58.598608263802035,10.392319621639121,0,1,2965
2023-08-16,24.7927487858284,0,48.594789515587834,7.685898112145261,0,0,2223
2023-08-17,26.390793185143657,0,63.06917573704804,4.306908361591008,0,0,2169
2023-08-18,25.705969519490147,0,56.196534788038555,4.50297469630367,0,0,2246
2023-08-19,25.92273851239549,1,72.8815060216836,11.209321662381308,0,0,1777
2023-08-20,24.902182344594877,0,57.30835675008695,12.994552579752039,0,0,2410
2023-08-21,26.111061113846695,0,42.098534495049265,18.085284712557648,0,0,1762
2023-08-22,23.605073900480352,0,63.56495766147967,7.931693060213929,0,0,1969
2023-08-23,21.428014736885288,0,56.77755082104491,7.005953581788024,0,0,2020
2023-08-24,19.860701348715732,0,60.682887992163046,9.614980405486495,0,0,1926
2023-08-25,19.93276408901877,0,62.32969736239487,9.56283579159244,0,0,2195
2023-08-26,23.841287654354844,0,69.1516010479477,4.132325774062716,0,1,2256
2023-08-27,22.13833460870808,0,63.028885375128695,4.140994639424952,0,0,2320
2023-08-28,22.649075193935893,0,62.21062443762378,6.089611510018045,0,0,1841
2023-08-29,27.241079089622303,1,81.33149645887832,6.843303631258335,0,0,1776
2023-08-30,20.30834757374404,1,74.81122042922208,11.105536619550787,0,0,1951
2023-08-31,20.44504698577804,0,60.91707835469026,10.546177493437757,0,0,2472
2023-09-01,18.649379828942543,0,57.114097088867034,7.966263774770014,0,0,2147
2023-09-02,17.357960617585345,0,65.33213077479681,3.0410946785160586,0,0,2258
2023-09-03,19.84355545746388,0,62.5176989825413,4.553662161782346,0,0,1874
2023-09-04,19.869489729106313,0,58.929305289705034,12.564989772207747,0,0,1846
2023-09-05,20.058700549716377,0,65.43570854880065,1.784989733086388,0,1,2466
2023-09-06,19.106346618699234,1,74.94835352294693,17.274687474853753,0,0,1139
2023-09-07,18.30175344539273,1,68.26718986710176,8.017967038000869,0,0,1403
2023-09-08,19.27799606014059,1,72.50917190806625,5.5971279898379915,0,0,1384
2023-09-09,22.97827861277719,0,45.857366460161145,8.933234212293122,0,0,2518
2023-09-10,20.83136031327007,0,61.59311984620765,6.8946501314565545,0,0,2475
2023-09-11,15.372247496145793,0,68.34895321030716,4.016518837480906,0,0,1842
2023-09-12,13.748046074475488,0,63.08675674247931,10.757774235570023,0,0,2035
2023-09-13,15.220864846425137,0,62.98667618082736,12.208194422492692,0,0,1739
2023-09-14,12.544538360558104,0,56.778852231739776,3.1147596790695533,0,0,1952
2023-09-15,16.857735451772154,0,55.00878857354727,11.020188379144642,0,0,2175
2023-09-16,17.155169880751057,0,62.97746707860492,7.660257795600115,0,0,2382
2023-09-17,12.982670778768131,0,69.39834050516116,6.041733561418412,0,0,2030
2023-09-18,12.81220743124236,0,67.92897523175573,11.082700681037888,0,0,2072
2023-09-19,16.85067106154121,0,65.16768520516199,11.080823069220521,0,0,2196
2023-09-20,12.683241014478842,0,64.07071860048251,3.5658948761675298,0,0,1607
2023-09-21,12.98450336536171,0,64.09289332780915,8.396544262054467,0,0,1766
2023-09-22,8.226486203793936,0,65.11849537910123,13.474628972459508,0,0,1687
2023-09-23,9.050643410765455,0,61.08903920832329,3.4650523805373434,0,0,1647
2023-09-24,13.893660256620187,1,85.07970588144201,10.713494387088073,0,0,1278
2023-09-25,12.034824539179995,1,79.47159963232056,14.546293632067659,0,0,1065
2023-09-26,14.143383122446846,1,93.55730796326037,18.419665660266933,0,0,1256
2023-09-27,15.238285024886235,1,88.22753149599617,5.658263030704691,0,0,1473
2023-09-28,15.701157895797937,0,68.24763909887365,3.8305227040169987,0,1,2501
2023-09-29,16.562935533000978,1,76.89775574579261,6.807356477495095,0,0,1112
2023-09-30,14.641442853148352,0,65.8962230618064,7.17326613077173,0,0,1706
2023-10-01,16.43217779885032,0,65.78383546721608,6.102653328044422,0,0,2296
2023-10-02,9.18101601405137,0,58.47316606311897,1.0,0,0,1551
2023-10-03,13.189796524635218,0,78.53208192978997,14.848371848333777,0,0,1827
2023-10-04,7.09448499139152,0,59.862739085595514,5.910604865921637,0,0,1720
2023-10-05,7.668678179199134,0,56.820584352182145,4.395186339289456,0,1,1918
2023-10-06,5.412403727234967,0,65.35129490270944,5.168303526525636,0,0,1458
2023-10-07,8.647113430269815,0,54.05395422573467,11.806147620433201,0,0,1535
2023-10-08,13.266405857234856,1,73.64844092223663,17.46801100844487,0,0,1199
2023-10-09,15.946807872717597,0,70.7366426056742,1.857728942708258,0,0,2151
2023-10-10,8.948025589901857,0,69.59361537983207,16.15137682246945,0,1,2169
2023-10-11,13.553202034034054,1,88.80206061296394,18.56754757380145,0,0,1534
2023-10-12,10.498118146590322,0,73.89907888051769,4.829554995801392,0,0,1972
2023-10-13,6.2436916238984725,0,70.83663524476475,9.274615916733977,0,1,1463
2023-10-14,6.75197299066766,0,62.68897019758406,3.487981714202938,0,0,1967
2023-10-15,5.102869749058854,0,74.99924023453644,8.226363584046545,0,1,1506
2023-10-16,6.878821664460504,0,54.12209116660953,1.7810700932291825,0,0,1813
2023-10-17,9.987440913627175,0,73.4737903028149,5.732493553509791,0,0,1489
2023-10-18,6.818781908527809,0,72.54975440097904,10.606320878847995,0,0,1702
2023-10-19,5.245366211252814,0,60.67234331088024,11.560282836726914,0,1,1680
2023-10-20,5.114210403895864,0,66.7531276312307,10.784978735482017,0,0,1356
2023-10-21,3.635205612487047,0,57.73205666918004,4.074994930020993,0,0,1218
2023-10-22,7.966913028131515,0,68.41809380634321,12.633509939200284,0,0,1269
2023-10-23,10.029868466660648,0,54.11606549279658,8.471887062115524,0,0,2235
2023-10-24,10.836376814893466,0,67.41826838118821,8.971764508374477,0,1,1726
2023-10-25,14.405399801835447,0,60.50916851732589,9.718365494365834,0,0,1770
2023-10-26,11.699979909203968,0,60.799228123035164,5.294517265812745,0,0,1560
2023-10-27,12.255149516540861,1,85.90993235072203,9.453721454294499,0,0,1459
2023-10-28,11.325071518341463,1,88.05146161982847,13.96838404467601,0,0,1338
2023-10-29,5.752834511022069,0,55.03126692926362,10.201762511415373,0,0,1467
2023-10-30,10.589270579491188,0,71.2649005515205,2.5024479866652762,0,0,2042
2023-10-31,11.308939229648695,0,66.68520750530269,19.559569108166194,0,0,1592
2023-11-01,8.05997331562863,0,64.02214256090998,10.476476562261407,0,0,1527
2023-11-02,5.940470878709153,0,61.568279956215505,5.2714313439264595,0,0,1595
2023-11-03,7.610113186521176,0,64.53291295497964,12.723823688250999,0,0,1652
2023-11-04,7.117259238822786,0,62.81981787799267,11.770111526425385,0,0,1438
2023-11-05,9.224641984224858,0,67.73069839966605,7.322454396525782,0,0,1605
2023-11-06,9.054781472486066,0,65.36973015332823,22.85901581760532,0,0,1654
2023-11-07,8.296457650168765,0,65.98527887428239,7.337098077510939,0,0,1854
2023-11-08,6.134466431203323,0,64.63707224497942,7.657127012359418,0,0,1362
2023-11-09,5.118899522483757,0,75.21106642954163,1.990303254571046,0,0,1468
2023-11-10,8.431892136052095,1,85.64993874612176,6.475525236398556,0,1,1112
2023-11-11,6.687848299382038,1,74.22562175045347,25.81356222075632,0,0,741
2023-11-12,4.492006832482279,1,80.1288813764931,5.628689973902965,0,0,700
2023-11-13,3.993341013665339,0,70.95416143127834,3.4147405980374863,0,0,1765
2023-11-14,0.5674171754776287,1,71.25508772110615,12.777578381652198,0,0,838
2023-11-15,4.178630012118862,0,68.82674175483587,8.003784842951168,0,0,1546
2023-11-16,6.034835183775169,0,71.96014488088335,7.273648794019917,0,0,2167
2023-11-17,5.006805204222087,0,67.61367352723056,9.869280707604121,0,0,1183
2023-11-18,-6.717015628498643,0,60.81762199447604,5.665486601372367,0,0,1159
2023-11-19,-6.006395031997439,0,73.66008116815357,9.999684820785653,0,0,1212
2023-11-20,-5.744107875776869,1,87.69418315114989,6.635538475051234,0,0,950
2023-11-21,-2.0926548524621875,0,63.35760835243774,7.031345013915509,0,0,1572
2023-11-22,-2.147100995761991,0,59.00455838329869,19.020064867418206,0,1,1873
2023-11-23,5.639766681164796,0,75.53565106116159,21.26026422718986,0,1,1630
2023-11-24,3.9482967471005557,0,69.49137581876356,8.184549144362116,0,0,1550
2023-11-25,10.896849834457468,0,67.08143668864972,5.233065902052027,0,1,1843
2023-11-26,8.563908056737993,0,71.46597864108627,15.237924238452687,0,0,1034
2023-11-27,9.09736011378449,0,67.86954363392985,9.284075009141624,0,0,1709
2023-11-28,12.920584634866927,0,61.17741485727289,22.47725622511804,0,0,1755
2023-11-29,6.4224514461114435,1,97.73486464981349,17.92971913858981,0,0,865
2023-11-30,3.7410765861524395,0,63.637937637487525,13.897618044673154,0,0,1618
2023-12-01,2.0370276045204534,0,60.335657952636524,4.454852558325192,0,0,1726
2023-12-02,2.3787734290031843,1,90.5894719943242,3.684886541432433,0,0,676
2023-12-03,1.0978294909902009,0,70.44632370430644,9.129000163438507,0,0,1122
2023-12-04,1.5702913297888288,0,79.52955571050254,7.802948029794196,0,0,1373
2023-12-05,1.2850760015399871,0,67.2313428374834,9.33159340468275,0,0,1676
2023-12-06,3.431242677432176,0,62.74178323180571,8.886286999180216,0,0,1572
2023-12-07,0.2869455770829279,0,61.335150347189355,20.419136885372545,0,1,1617
2023-12-08,4.735838099705674,0,67.08158390737972,4.88708849155657,0,0,1531
2023-12-09,5.338939836256494,0,69.9042005225263,4.563485416337954,0,0,1332
2023-12-10,4.465134378723395,1,90.03692112187599,4.769652901941595,0,0,592
2023-12-11,0.0807634649963993,1,90.52130430640467,6.433247825824303,0,0,718
2023-12-12,1.0131892058361913,0,77.18051169395295,8.741900392835763,0,0,1438
2023-12-13,-1.4120408652014405,0,67.36805451829996,16.002482706188385,0,1,1688
2023-12-14,-3.3475698447714235,0,71.50414565472597,14.035736119330643,0,0,1311
2023-12-15,-1.03700175633971,0,71.02554955478159,11.298379743136579,0,0,1347
2023-12-16,3.451471394944636,0,59.283197395164834,5.379768265222007,0,0,1381
2023-12-17,8.797957696131332,0,58.23929862831272,1.9357352905109388,0,0,1522
2023-12-18,7.9233973699968905,0,63.3565177690793,8.167249880278463,0,0,1724
2023-12-19,4.871568240103013,0,68.67843402376629,14.110805553923123,0,0,1374
2023-12-20,4.426519673909464,0,78.97499817898128,18.729202755766625,0,0,1380
2023-12-21,3.119607065245251,0,68.34432400810964,6.707253416690425,0,0,1461
2023-12-22,-0.3165467593621274,0,71.61854224884347,6.96618690928856,0,0,1682
2023-12-23,-3.5257933543342164,0,62.374520235966756,9.568153823591032,0,0,1279
2023-12-24,-4.141585830412923,0,66.9330832965562,1.533711278978704,0,0,1497
2023-12-25,-4.889477740024613,0,73.5041430186312,4.237299965526522,1,0,848
2023-12-26,3.7615653183990667,0,63.3951812596677,5.993230958589526,0,0,1615
2023-12-27,0.5584014994393409,1,76.04608817732978,4.358782941839683,0,0,746
2023-12-28,-2.080551427615073,0,69.9613184510633,4.8235197998778645,0,0,1665
2023-12-29,-0.07336711676187901,1,87.54460917263036,6.976670290848823,0,1,1000
2023-12-30,0.7108843670318059,1,82.37591535177489,11.42549792556754,0,1,969
2023-12-31,-2.276893456870966,1,88.08964687352011,5.200620434572983,0,0,742
